"Date","Price","Open","High","Low","Vol.","Change %"
"Dec 31, 2020","1,635.97","1,642.84","1,648.25","1,629.58","1.89B","-0.40%"
"Dec 30, 2020","1,642.49","1,618.22","1,645.32","1,618.22","2.83B","1.72%"
"Dec 29, 2020","1,614.70","1,588.86","1,614.87","1,582.04","1.86B","1.81%"
"Dec 28, 2020","1,585.93","1,581.03","1,591.53","1,581.03","1.43B","0.66%"
"Dec 25, 2020","1,575.50","1,579.01","1,588.70","1,572.27","1.44B","-0.01%"
"Dec 24, 2020","1,575.68","1,569.27","1,583.12","1,564.06","2.92B","0.59%"
"Dec 23, 2020","1,566.40","1,557.12","1,569.69","1,557.12","2.62B","0.82%"
"Dec 22, 2020","1,553.71","1,538.77","1,560.37","1,536.19","2.75B","1.65%"
"Dec 21, 2020","1,528.48","1,552.44","1,552.44","1,510.18","3.43B","-2.04%"
"Dec 18, 2020","1,560.35","1,547.85","1,562.86","1,544.13","2.89B","0.60%"
"Dec 17, 2020","1,551.12","1,556.56","1,560.34","1,543.70","2.28B","0.44%"
"Dec 16, 2020","1,544.33","1,557.25","1,563.67","1,538.26","3.16B","-0.17%"
"Dec 15, 2020","1,546.98","1,545.24","1,552.93","1,535.17","3.36B","0.43%"
"Dec 14, 2020","1,540.33","1,529.71","1,548.56","1,529.71","3.08B","1.27%"
"Dec 11, 2020","1,520.94","1,496.84","1,520.94","1,485.25","3.59B","1.53%"
"Dec 10, 2020","1,498.09","1,495.33","1,515.20","1,492.03","3.74B","0.18%"
"Dec 09, 2020","1,495.33","1,483.60","1,509.31","1,483.60","4.03B","0.96%"
"Dec 08, 2020","1,481.10","1,469.13","1,493.01","1,469.13","4.32B","0.92%"
"Dec 07, 2020","1,467.58","1,468.17","1,474.50","1,460.65","3.78B","-0.19%"
"Dec 04, 2020","1,470.41","1,472.45","1,479.19","1,463.46","4.01B","-0.19%"
"Dec 03, 2020","1,473.17","1,467.18","1,479.96","1,453.18","4.67B","0.46%"
"Dec 02, 2020","1,466.45","1,470.34","1,483.20","1,458.91","3.45B","-0.27%"
"Dec 01, 2020","1,470.45","1,443.90","1,470.45","1,424.32","3.45B","3.38%"
"Nov 30, 2020","1,422.36","1,457.57","1,461.40","1,422.36","3.76B","-3.74%"
"Nov 27, 2020","1,477.58","1,499.36","1,502.88","1,473.62","4.23B","-1.05%"
"Nov 26, 2020","1,493.22","1,482.89","1,495.64","1,472.60","2.99B","1.50%"
"Nov 25, 2020","1,471.17","1,472.63","1,488.67","1,468.24","4.05B","0.57%"
"Nov 24, 2020","1,462.82","1,470.28","1,485.05","1,450.17","5.27B","0.15%"
"Nov 23, 2020","1,460.64","1,483.08","1,488.37","1,443.37","4.26B","-1.24%"
"Nov 20, 2020","1,479.04","1,472.55","1,486.23","1,471.13","3.56B","0.56%"
"Nov 19, 2020","1,470.78","1,444.86","1,489.67","1,427.46","7.81B","1.64%"
"Nov 18, 2020","1,447.09","1,402.91","1,447.09","1,402.91","4.98B","3.55%"
"Nov 17, 2020","1,397.52","1,435.22","1,437.09","1,397.46","3.23B","-2.86%"
"Nov 16, 2020","1,438.61","1,456.64","1,460.89","1,437.88","2.92B","-0.28%"
"Nov 13, 2020","1,442.64","1,430.61","1,445.60","1,421.98","4.26B","1.20%"
"Nov 12, 2020","1,425.55","1,432.79","1,461.85","1,415.42","6.80B","-0.09%"
"Nov 11, 2020","1,426.83","1,381.14","1,432.95","1,379.61","6.36B","3.94%"
"Nov 10, 2020","1,372.77","1,348.88","1,375.08","1,338.61","3.87B","1.24%"
"Nov 09, 2020","1,355.90","1,331.22","1,358.98","1,325.30","4.16B","4.10%"
"Nov 06, 2020","1,302.47","1,289.96","1,302.47","1,285.98","3.11B","0.96%"
"Nov 05, 2020","1,290.03","1,283.94","1,296.20","1,275.71","3.05B","0.72%"
"Nov 04, 2020","1,280.83","1,272.63","1,286.31","1,269.81","3.30B","0.92%"
"Nov 03, 2020","1,269.20","1,250.44","1,275.54","1,234.10","3.09B","1.87%"
"Nov 02, 2020","1,245.86","1,228.90","1,255.36","1,227.99","4.38B","1.95%"
"Oct 30, 2020","1,222.03","1,231.35","1,231.35","1,204.70","4.90B","-1.31%"
"Oct 28, 2020","1,238.21","1,262.77","1,264.60","1,238.21","1.17B","-2.24%"
"Oct 27, 2020","1,266.53","1,256.91","1,271.90","1,248.69","3.10B","0.70%"
"Oct 26, 2020","1,257.68","1,295.67","1,295.67","1,254.93","3.76B","-3.65%"
"Oct 23, 2020","1,305.37","1,318.22","1,321.96","1,295.30","3.07B","-0.83%"
"Oct 22, 2020","1,316.35","1,338.88","1,341.09","1,316.35","4.22B","-1.54%"
"Oct 21, 2020","1,336.89","1,345.78","1,347.36","1,333.94","2.22B","0.14%"
"Oct 20, 2020","1,335.08","1,332.41","1,338.81","1,326.16","2.15B","0.38%"
"Oct 19, 2020","1,329.97","1,318.12","1,335.89","1,318.12","2.25B","1.08%"
"Oct 16, 2020","1,315.78","1,304.04","1,316.99","1,302.49","2.14B","1.22%"
"Oct 15, 2020","1,299.92","1,311.79","1,313.92","1,294.52","2.32B","-1.01%"
"Oct 14, 2020","1,313.22","1,299.05","1,313.84","1,293.24","3.24B","1.23%"
"Oct 13, 2020","1,297.30","1,308.28","1,308.58","1,294.64","1.85B","-0.77%"
"Oct 12, 2020","1,307.31","1,300.31","1,311.72","1,299.22","2.07B","0.74%"
"Oct 09, 2020","1,297.65","1,281.95","1,298.70","1,279.95","2.05B","1.38%"
"Oct 08, 2020","1,280.00","1,286.71","1,289.79","1,272.12","1.64B","-0.16%"
"Oct 07, 2020","1,282.11","1,281.05","1,286.49","1,277.75","1.50B","-0.32%"
"Oct 06, 2020","1,286.26","1,302.56","1,306.22","1,286.26","1.91B","-0.90%"
"Oct 05, 2020","1,297.89","1,287.98","1,298.67","1,287.98","1.42B","1.21%"
"Oct 02, 2020","1,282.33","1,274.60","1,289.40","1,273.07","2.08B","0.12%"
"Oct 01, 2020","1,280.73","1,287.87","1,296.60","1,279.74","2.22B","-0.23%"
"Sep 30, 2020","1,283.66","1,264.06","1,285.75","1,264.06","2.74B","2.06%"
"Sep 29, 2020","1,257.71","1,259.34","1,267.84","1,244.73","2.46B","0.09%"
"Sep 28, 2020","1,256.59","1,262.76","1,270.20","1,252.00","2.09B","-0.47%"
"Sep 25, 2020","1,262.52","1,268.70","1,276.81","1,262.52","2.59B","0.47%"
"Sep 24, 2020","1,256.65","1,226.61","1,258.11","1,225.21","3.08B","2.02%"
"Sep 23, 2020","1,231.71","1,229.56","1,239.49","1,225.84","2.00B","0.62%"
"Sep 22, 2020","1,224.16","1,214.61","1,226.57","1,210.74","1.85B","0.91%"
"Sep 21, 2020","1,213.17","1,239.33","1,243.74","1,212.39","2.26B","-2.16%"
"Sep 18, 2020","1,239.98","1,242.14","1,245.92","1,237.07","1.48B","-0.06%"
"Sep 17, 2020","1,240.76","1,236.69","1,240.76","1,228.72","1.40B","0.38%"
"Sep 16, 2020","1,236.09","1,243.94","1,247.91","1,233.92","1.24B","-0.46%"
"Sep 15, 2020","1,241.78","1,243.79","1,252.95","1,226.00","2.07B","0.07%"
"Sep 14, 2020","1,240.93","1,239.82","1,244.93","1,237.37","1.97B","0.30%"
"Sep 11, 2020","1,237.19","1,233.87","1,239.13","1,229.36","1.45B","0.38%"
"Sep 10, 2020","1,232.52","1,235.61","1,241.60","1,226.17","2.43B","-0.16%"
"Sep 09, 2020","1,234.47","1,221.18","1,234.83","1,219.43","1.82B","1.02%"
"Sep 08, 2020","1,221.99","1,237.10","1,238.65","1,218.07","1.46B","-0.80%"
"Sep 07, 2020","1,231.87","1,226.47","1,233.37","1,223.60","1.44B","0.68%"
"Sep 04, 2020","1,223.53","1,211.70","1,227.85","1,208.31","1.74B","0.89%"
"Sep 03, 2020","1,212.70","1,222.98","1,228.94","1,210.55","1.59B","-0.66%"
"Sep 02, 2020","1,220.77","1,222.87","1,228.74","1,215.47","1.73B","-0.12%"
"Sep 01, 2020","1,222.19","1,215.44","1,223.48","1,197.07","1.84B","0.88%"
"Aug 31, 2020","1,211.50","1,242.71","1,243.52","1,210.66","2.04B","-2.42%"
"Aug 28, 2020","1,241.56","1,258.88","1,259.71","1,236.43","1.87B","-1.08%"
"Aug 27, 2020","1,255.08","1,256.26","1,260.16","1,247.30","1.62B","0.73%"
"Aug 26, 2020","1,246.03","1,234.06","1,251.95","1,228.74","2.24B","0.79%"
"Aug 25, 2020","1,236.29","1,264.75","1,269.29","1,226.03","2.22B","-1.71%"
"Aug 24, 2020","1,257.82","1,260.47","1,269.29","1,255.54","2.10B","-0.10%"
"Aug 21, 2020","1,259.08","1,284.89","1,297.46","1,255.21","4.22B","-1.54%"
"Aug 20, 2020","1,278.82","1,279.04","1,283.83","1,262.82","2.92B","0.00%"
"Aug 19, 2020","1,278.80","1,245.60","1,281.16","1,245.41","2.86B","3.41%"
"Aug 18, 2020","1,236.62","1,231.38","1,247.28","1,226.93","1.71B","0.64%"
"Aug 17, 2020","1,228.75","1,222.05","1,231.73","1,214.50","1.89B","0.70%"
"Aug 14, 2020","1,220.17","1,231.74","1,235.17","1,215.44","2.00B","-1.58%"
"Aug 13, 2020","1,239.73","1,261.19","1,268.55","1,235.38","2.30B","-1.22%"
"Aug 12, 2020","1,255.05","1,253.77","1,260.37","1,235.02","3.10B","0.51%"
"Aug 11, 2020","1,248.68","1,214.37","1,252.45","1,214.37","3.28B","3.44%"
"Aug 10, 2020","1,207.17","1,190.63","1,211.05","1,175.86","2.38B","0.88%"
"Aug 07, 2020","1,196.61","1,167.78","1,198.66","1,124.14","4.20B","2.20%"
"Aug 06, 2020","1,170.82","1,225.63","1,229.66","1,170.82","3.48B","-4.66%"
"Aug 05, 2020","1,228.03","1,231.09","1,239.85","1,202.54","3.20B","0.55%"
"Aug 04, 2020","1,221.30","1,273.35","1,276.48","1,199.72","2.64B","-3.04%"
"Jul 30, 2020","1,259.64","1,272.95","1,273.50","1,257.85","878.17M","-0.99%"
"Jul 29, 2020","1,272.22","1,304.27","1,307.20","1,258.82","2.65B","-2.21%"
"Jul 28, 2020","1,300.99","1,349.99","1,351.76","1,300.99","2.40B","-3.63%"
"Jul 27, 2020","1,350.00","1,356.13","1,361.33","1,347.53","1.60B","0.11%"
"Jul 24, 2020","1,348.49","1,342.21","1,349.47","1,338.91","1.96B","0.02%"
"Jul 23, 2020","1,348.21","1,343.85","1,355.47","1,341.94","1.82B","0.84%"
"Jul 22, 2020","1,337.03","1,342.41","1,348.78","1,332.17","3.69B","0.19%"
"Jul 21, 2020","1,334.55","1,354.23","1,361.98","1,324.51","2.60B","-0.80%"
"Jul 20, 2020","1,345.30","1,343.19","1,351.91","1,339.21","1.87B","0.11%"
"Jul 17, 2020","1,343.79","1,346.91","1,349.05","1,340.57","1.46B","-0.32%"
"Jul 16, 2020","1,348.08","1,350.01","1,356.38","1,346.90","2.23B","0.66%"
"Jul 14, 2020","1,339.25","1,344.65","1,350.40","1,332.29","3.05B","-0.60%"
"Jul 13, 2020","1,347.36","1,326.60","1,347.36","1,323.61","2.64B","2.63%"
"Jul 10, 2020","1,312.85","1,318.55","1,318.55","1,293.89","3.36B","-0.74%"
"Jul 09, 2020","1,322.59","1,355.72","1,360.32","1,320.66","3.47B","-1.93%"
"Jul 08, 2020","1,348.62","1,358.69","1,364.95","1,347.09","4.02B","-0.66%"
"Jul 07, 2020","1,357.58","1,351.42","1,362.54","1,334.85","4.71B","0.62%"
"Jul 06, 2020","1,349.17","1,330.37","1,349.92","1,330.37","2.31B","2.17%"
"Jul 03, 2020","1,320.46","1,344.25","1,345.00","1,315.57","2.05B","-1.45%"
"Jul 02, 2020","1,339.95","1,330.57","1,344.54","1,329.44","2.23B","1.14%"
"Jul 01, 2020","1,324.81","1,354.37","1,356.37","1,323.55","3.04B","-1.66%"
"Jun 30, 2020","1,347.19","1,347.03","1,353.46","1,342.46","3.51B","0.52%"
"Jun 29, 2020","1,340.21","1,326.80","1,342.23","1,322.42","2.22B","1.06%"
"Jun 26, 2020","1,326.14","1,334.36","1,336.24","1,323.45","1.28B","0.27%"
"Jun 25, 2020","1,322.60","1,325.03","1,334.07","1,315.31","1.89B","-0.25%"
"Jun 24, 2020","1,325.90","1,336.72","1,341.19","1,324.96","2.73B","-0.82%"
"Jun 23, 2020","1,336.90","1,340.42","1,348.41","1,334.84","2.34B","0.09%"
"Jun 22, 2020","1,335.72","1,331.76","1,340.64","1,326.21","3.02B","1.35%"
"Jun 19, 2020","1,317.97","1,312.22","1,324.39","1,307.29","3.74B","1.50%"
"Jun 18, 2020","1,298.43","1,277.70","1,300.25","1,277.70","2.56B","1.74%"
"Jun 17, 2020","1,276.21","1,282.48","1,285.46","1,270.03","1.34B","-0.29%"
"Jun 16, 2020","1,279.86","1,281.01","1,292.69","1,279.29","1.67B","1.07%"
"Jun 15, 2020","1,266.36","1,266.27","1,271.66","1,257.23","1.45B","-0.45%"
"Jun 12, 2020","1,272.09","1,258.90","1,276.96","1,251.96","1.73B","0.38%"
"Jun 11, 2020","1,267.24","1,272.72","1,279.29","1,262.40","2.22B","-0.82%"
"Jun 10, 2020","1,277.67","1,276.65","1,285.27","1,273.92","2.04B","0.38%"
"Jun 09, 2020","1,272.84","1,283.89","1,288.79","1,265.38","1.74B","-0.59%"
"Jun 08, 2020","1,280.45","1,289.34","1,298.40","1,276.24","1.72B","-0.48%"
"Jun 05, 2020","1,286.64","1,286.67","1,293.86","1,280.24","1.23B","0.59%"
"Jun 04, 2020","1,279.08","1,274.03","1,281.84","1,267.07","1.77B","0.63%"
"Jun 03, 2020","1,271.05","1,268.69","1,274.79","1,262.43","1.54B","0.96%"
"Jun 02, 2020","1,259.00","1,255.78","1,265.56","1,247.45","1.97B","0.76%"
"Jun 01, 2020","1,249.50","1,241.16","1,250.96","1,239.65","1.71B","1.65%"
"May 29, 2020","1,229.18","1,222.17","1,229.40","1,217.21","1.98B","0.37%"
"May 28, 2020","1,224.70","1,222.70","1,234.72","1,215.70","1.78B","0.68%"
"May 27, 2020","1,216.37","1,203.96","1,222.64","1,203.96","1.60B","1.81%"
"May 22, 2020","1,194.74","1,189.30","1,199.77","1,184.21","702.36M","0.24%"
"May 21, 2020","1,191.90","1,185.02","1,198.49","1,185.02","1.11B","0.66%"
"May 20, 2020","1,184.13","1,191.96","1,197.82","1,184.13","1.04B","-0.16%"
"May 18, 2020","1,186.03","1,170.69","1,188.95","1,170.69","1.12B","2.39%"
"May 15, 2020","1,158.29","1,158.47","1,173.56","1,158.29","835.37M","0.43%"
"May 14, 2020","1,153.30","1,161.56","1,163.87","1,146.77","1.14B","-0.93%"
"May 13, 2020","1,164.18","1,161.28","1,173.18","1,157.38","1.30B","0.26%"
"May 12, 2020","1,161.18","1,143.36","1,162.61","1,140.35","1.44B","1.67%"
"May 11, 2020","1,142.07","1,151.90","1,154.75","1,142.07","1.07B","-0.34%"
"May 08, 2020","1,145.91","1,154.39","1,163.08","1,143.22","1.64B","-0.30%"
"May 07, 2020","1,149.33","1,154.01","1,161.45","1,145.40","1.50B","-0.41%"
"May 06, 2020","1,154.03","1,156.43","1,162.01","1,148.45","1.27B","-0.14%"
"May 05, 2020","1,155.65","1,167.01","1,168.74","1,147.64","1.10B","-0.21%"
"May 04, 2020","1,158.06","1,177.52","1,177.52","1,151.89","809.37M","-2.49%"
"Apr 30, 2020","1,187.61","1,195.22","1,200.70","1,168.15","1.24B","-0.31%"
"Apr 29, 2020","1,191.29","1,187.41","1,192.97","1,178.44","1.01B","0.80%"
"Apr 28, 2020","1,181.82","1,191.56","1,195.94","1,179.84","1.11B","-0.66%"
"Apr 27, 2020","1,189.70","1,175.84","1,190.83","1,175.51","1.26B","2.39%"
"Apr 24, 2020","1,161.89","1,159.86","1,170.23","1,152.46","1.07B","0.34%"
"Apr 22, 2020","1,157.90","1,160.73","1,168.32","1,157.53","1.11B","0.23%"
"Apr 21, 2020","1,155.30","1,166.49","1,168.31","1,151.49","871.82M","-1.65%"
"Apr 20, 2020","1,174.68","1,173.83","1,179.65","1,164.90","1.07B","0.47%"
"Apr 17, 2020","1,169.22","1,170.04","1,177.64","1,162.44","1.23B","2.22%"
"Apr 16, 2020","1,143.85","1,153.55","1,158.18","1,136.00","1.10B","0.04%"
"Apr 15, 2020","1,143.38","1,182.44","1,185.82","1,134.22","1.54B","-2.92%"
"Apr 14, 2020","1,177.78","1,161.15","1,178.37","1,160.59","1.56B","2.65%"
"Apr 13, 2020","1,147.42","1,138.53","1,161.00","1,133.34","1.20B","-0.43%"
"Apr 10, 2020","1,152.40","1,148.63","1,166.49","1,138.33","1.37B","0.72%"
"Apr 09, 2020","1,144.13","1,120.87","1,144.13","1,113.49","1.81B","3.22%"
"Apr 08, 2020","1,108.43","1,099.15","1,108.94","1,092.64","858.20M","0.89%"
"Apr 07, 2020","1,098.70","1,105.63","1,126.25","1,098.70","1.69B","0.59%"
"Apr 06, 2020","1,092.25","1,081.97","1,093.12","1,076.24","980.53M","2.59%"
"Apr 03, 2020","1,064.67","1,067.02","1,071.48","1,060.57","901.06M","-0.18%"
"Apr 02, 2020","1,066.63","1,069.15","1,077.31","1,050.16","1.49B","0.49%"
"Apr 01, 2020","1,061.48","1,050.47","1,076.23","1,045.90","1.25B","-0.60%"
"Mar 31, 2020","1,067.91","1,067.99","1,079.47","1,058.46","939.18M","1.36%"
"Mar 30, 2020","1,053.54","1,052.22","1,063.66","1,039.30","796.15M","-0.18%"
"Mar 27, 2020","1,055.40","1,099.96","1,106.32","1,055.40","1.12B","-3.82%"
"Mar 26, 2020","1,097.35","1,064.20","1,100.29","1,059.62","1.36B","2.94%"
"Mar 25, 2020","1,066.04","1,087.23","1,104.32","1,058.38","1.54B","-0.74%"
"Mar 24, 2020","1,074.01","1,054.97","1,079.93","1,046.24","1.21B","5.91%"
"Mar 23, 2020","1,014.10","1,003.38","1,046.02","993.05","1.16B","-2.23%"
"Mar 20, 2020","1,037.27","1,059.06","1,070.57","1,027.78","923.86M","0.17%"
"Mar 19, 2020","1,035.49","1,034.33","1,057.09","1,020.94","1.09B","-0.56%"
"Mar 18, 2020","1,041.34","1,034.18","1,069.31","1,028.34","988.97M","-1.62%"
"Mar 17, 2020","1,058.54","1,081.86","1,081.86","996.64","1.33B","-0.71%"
"Mar 16, 2020","1,066.09","1,117.05","1,117.05","1,051.60","878.70M","-7.98%"
"Mar 13, 2020","1,158.49","1,139.31","1,201.19","1,114.79","1.37B","1.82%"
"Mar 12, 2020","1,137.74","1,190.12","1,195.39","1,124.78","888.16M","-6.77%"
"Mar 11, 2020","1,220.30","1,213.59","1,242.41","1,195.91","1.00B","0.03%"
"Mar 10, 2020","1,219.95","1,271.46","1,283.93","1,219.34","1.06B","-1.73%"
"Mar 09, 2020","1,241.39","1,273.22","1,273.34","1,228.26","890.66M","-5.16%"
"Mar 06, 2020","1,308.97","1,332.78","1,342.30","1,300.12","903.03M","-2.02%"
"Mar 05, 2020","1,335.95","1,344.42","1,351.64","1,330.22","840.32M","0.88%"
"Mar 04, 2020","1,324.32","1,323.16","1,349.85","1,319.46","1.21B","-0.17%"
"Mar 03, 2020","1,326.52","1,295.95","1,326.52","1,295.68","1.04B","3.98%"
"Mar 02, 2020","1,275.71","1,291.08","1,302.41","1,265.94","895.54M","1.00%"
"Feb 28, 2020","1,263.04","1,191.15","1,285.09","1,191.15","1.10B","-4.05%"
"Feb 27, 2020","1,316.39","1,357.54","1,363.44","1,316.39","1.53B","-4.16%"
"Feb 26, 2020","1,373.49","1,362.47","1,374.74","1,346.94","1.25B","0.80%"
"Feb 25, 2020","1,362.56","1,380.65","1,384.22","1,359.14","1.25B","-0.65%"
"Feb 24, 2020","1,371.41","1,377.97","1,377.97","1,355.99","1.12B","-2.07%"
"Feb 21, 2020","1,400.41","1,380.69","1,408.89","1,375.57","1.46B","0.89%"
"Feb 20, 2020","1,388.08","1,427.73","1,429.20","1,380.25","1.53B","-2.75%"
"Feb 19, 2020","1,427.28","1,434.64","1,440.37","1,418.89","1.02B","-0.21%"
"Feb 18, 2020","1,430.22","1,438.22","1,438.34","1,424.94","1.19B","-0.92%"
"Feb 17, 2020","1,443.53","1,446.02","1,448.74","1,441.10","1.11B","0.56%"
"Feb 14, 2020","1,435.52","1,447.44","1,454.00","1,434.78","1.09B","-0.37%"
"Feb 13, 2020","1,440.89","1,436.56","1,444.58","1,428.94","1.13B","0.20%"
"Feb 12, 2020","1,437.98","1,437.61","1,456.13","1,428.93","1.77B","0.12%"
"Feb 11, 2020","1,436.30","1,431.06","1,439.92","1,407.76","1.50B","1.29%"
"Feb 10, 2020","1,417.99","1,439.78","1,448.63","1,401.24","1.56B","-2.10%"
"Feb 07, 2020","1,448.48","1,468.34","1,472.27","1,447.42","1.08B","-1.23%"
"Feb 06, 2020","1,466.59","1,472.88","1,488.25","1,463.10","1.43B","-0.12%"
"Feb 05, 2020","1,468.28","1,470.76","1,486.90","1,465.27","1.56B","0.03%"
"Feb 04, 2020","1,467.89","1,444.51","1,468.96","1,440.53","1.28B","2.74%"
"Feb 03, 2020","1,428.79","1,432.60","1,435.25","1,423.38","1.10B","-0.04%"
"Jan 31, 2020","1,429.42","1,446.46","1,449.01","1,429.42","1.61B","-1.08%"
"Jan 30, 2020","1,445.07","1,433.13","1,445.07","1,424.72","1.20B","0.40%"
"Jan 29, 2020","1,439.38","1,449.27","1,451.17","1,437.74","1.09B","-0.04%"
"Jan 28, 2020","1,439.96","1,452.31","1,455.09","1,434.53","1.20B","-0.32%"
"Jan 27, 2020","1,444.61","1,453.11","1,463.69","1,442.41","1.14B","-1.90%"
"Jan 24, 2020","1,472.64","1,494.80","1,497.63","1,455.34","1.51B","-0.48%"
"Jan 23, 2020","1,479.67","1,478.77","1,491.85","1,476.14","1.20B","-0.30%"
"Jan 22, 2020","1,484.10","1,505.17","1,509.25","1,480.02","1.35B","-0.85%"
"Jan 21, 2020","1,496.79","1,475.54","1,500.57","1,471.53","1.28B","0.74%"
"Jan 20, 2020","1,485.78","1,477.28","1,490.58","1,477.28","1.11B","0.92%"
"Jan 17, 2020","1,472.28","1,474.55","1,477.21","1,461.60","1.14B","0.40%"
"Jan 16, 2020","1,466.41","1,470.45","1,484.31","1,464.34","1.81B","0.03%"
"Jan 15, 2020","1,465.95","1,471.23","1,478.89","1,462.02","1.74B","-0.58%"
"Jan 14, 2020","1,474.44","1,464.40","1,475.71","1,454.57","1.72B","0.76%"
"Jan 13, 2020","1,463.38","1,456.54","1,473.17","1,455.78","1.84B","1.30%"
"Jan 10, 2020","1,444.56","1,438.74","1,450.32","1,431.66","1.74B","0.59%"
"Jan 09, 2020","1,436.06","1,400.60","1,438.06","1,400.49","1.96B","4.64%"
"Jan 08, 2020","1,372.38","1,348.53","1,377.32","1,345.77","1.24B","0.49%"
"Jan 07, 2020","1,365.75","1,369.60","1,376.24","1,362.46","907.81M","0.78%"
"Jan 06, 2020","1,355.14","1,367.39","1,373.27","1,352.44","1.08B","-1.82%"
"Jan 03, 2020","1,380.25","1,396.87","1,403.15","1,370.28","1.63B","-1.89%"
"Jan 02, 2020","1,406.81","1,394.05","1,406.81","1,389.89","1.40B","1.33%"
"Dec 31, 2019","1,388.30","1,394.68","1,399.11","1,388.30","996.28M","-0.22%"
"Dec 30, 2019","1,391.30","1,381.22","1,393.57","1,381.22","1.03B","1.01%"
"Dec 27, 2019","1,377.40","1,381.42","1,384.16","1,373.48","676.22M","0.02%"
"Dec 26, 2019","1,377.06","1,374.55","1,387.29","1,371.30","671.05M","0.29%"
"Dec 25, 2019","1,373.03","1,375.16","1,377.49","1,371.30","522.06M","0.04%"
"Dec 24, 2019","1,372.51","1,369.41","1,376.19","1,367.86","921.67M","0.85%"
"Dec 23, 2019","1,360.95","1,354.23","1,360.95","1,350.89","812.84M","0.69%"
"Dec 20, 2019","1,351.60","1,349.72","1,356.57","1,347.11","872.71M","0.54%"
"Dec 19, 2019","1,344.29","1,349.44","1,354.02","1,342.77","683.36M","-0.15%"
"Dec 18, 2019","1,346.28","1,346.37","1,350.34","1,340.77","826.39M","-0.51%"
"Dec 17, 2019","1,353.12","1,359.44","1,364.79","1,351.59","846.16M","-0.14%"
"Dec 16, 2019","1,355.07","1,350.27","1,359.93","1,344.07","931.90M","0.51%"
"Dec 13, 2019","1,348.23","1,353.75","1,365.55","1,342.59","1.38B","0.48%"
"Dec 12, 2019","1,341.82","1,321.87","1,341.82","1,321.87","1.18B","2.13%"
"Dec 11, 2019","1,313.81","1,316.32","1,318.69","1,310.17","648.03M","-0.23%"
"Dec 10, 2019","1,316.90","1,325.56","1,331.93","1,312.37","896.86M","-0.60%"
"Dec 09, 2019","1,324.90","1,327.55","1,329.08","1,316.90","864.03M","-0.26%"
"Dec 06, 2019","1,328.35","1,331.49","1,334.98","1,323.23","970.22M","0.05%"
"Dec 05, 2019","1,327.67","1,323.24","1,332.57","1,321.58","1.07B","0.80%"
"Dec 04, 2019","1,317.11","1,312.06","1,318.72","1,305.28","853.35M","0.81%"
"Dec 03, 2019","1,306.59","1,321.36","1,332.43","1,306.59","1.08B","-1.29%"
"Dec 02, 2019","1,323.61","1,318.20","1,326.57","1,316.73","826.43M","0.81%"
"Nov 29, 2019","1,313.03","1,319.27","1,324.15","1,308.66","776.40M","-0.35%"
"Nov 28, 2019","1,317.67","1,305.08","1,318.41","1,303.90","736.71M","1.16%"
"Nov 27, 2019","1,302.62","1,303.48","1,309.88","1,296.82","845.00M","-0.15%"
"Nov 26, 2019","1,304.59","1,299.62","1,307.43","1,289.91","1.24B","0.56%"
"Nov 25, 2019","1,297.27","1,321.09","1,329.22","1,296.14","1.20B","-1.23%"
"Nov 22, 2019","1,313.47","1,321.26","1,326.43","1,305.99","742.59M","-0.28%"
"Nov 21, 2019","1,317.12","1,317.20","1,323.57","1,310.65","868.57M","-0.03%"
"Nov 20, 2019","1,317.52","1,324.34","1,333.90","1,315.81","1.27B","-0.75%"
"Nov 19, 2019","1,327.42","1,322.37","1,330.71","1,315.20","1.12B","0.68%"
"Nov 18, 2019","1,318.48","1,306.63","1,323.72","1,306.63","1.09B","1.40%"
"Nov 15, 2019","1,300.29","1,289.48","1,302.49","1,287.75","756.51M","1.55%"
"Nov 14, 2019","1,280.44","1,287.82","1,298.91","1,274.53","1.06B","-1.19%"
"Nov 13, 2019","1,295.92","1,287.65","1,297.68","1,282.40","897.64M","0.70%"
"Nov 12, 2019","1,286.87","1,278.11","1,292.58","1,278.11","880.52M","1.02%"
"Nov 11, 2019","1,273.92","1,272.52","1,284.08","1,264.69","800.01M","-0.17%"
"Nov 08, 2019","1,276.13","1,279.27","1,288.46","1,274.72","969.88M","-0.40%"
"Nov 07, 2019","1,281.24","1,257.57","1,281.24","1,257.57","1.07B","2.62%"
"Nov 06, 2019","1,248.51","1,241.99","1,254.79","1,237.85","662.22M","0.60%"
"Nov 05, 2019","1,241.02","1,234.41","1,243.10","1,230.87","653.73M","0.54%"
"Nov 04, 2019","1,234.32","1,223.12","1,239.22","1,221.25","674.76M","1.79%"
"Nov 01, 2019","1,212.65","1,216.48","1,217.89","1,203.21","527.58M","-0.08%"
"Oct 31, 2019","1,213.67","1,219.44","1,222.90","1,210.46","560.08M","-0.29%"
"Oct 30, 2019","1,217.25","1,220.35","1,230.06","1,215.61","595.26M","-1.26%"
"Oct 28, 2019","1,232.81","1,241.24","1,243.49","1,232.81","204.52M","-0.54%"
"Oct 25, 2019","1,239.52","1,240.52","1,245.83","1,237.60","562.46M","-0.19%"
"Oct 24, 2019","1,241.90","1,243.81","1,253.24","1,238.20","966.51M","0.53%"
"Oct 23, 2019","1,235.32","1,222.85","1,236.12","1,220.19","872.90M","1.96%"
"Oct 22, 2019","1,211.59","1,206.87","1,218.14","1,203.31","699.86M","0.59%"
"Oct 21, 2019","1,204.50","1,220.75","1,220.75","1,202.16","595.52M","-1.30%"
"Oct 18, 2019","1,220.40","1,221.90","1,225.38","1,215.75","770.18M","3.74%"
"Oct 17, 2019","1,176.40","1,165.93","1,179.73","1,150.90","592.64M","0.87%"
"Oct 16, 2019","1,166.21","1,158.08","1,169.77","1,153.30","667.66M","-1.29%"
"Oct 15, 2019","1,181.49","1,187.42","1,190.59","1,177.08","940.00M","1.29%"
"Oct 14, 2019","1,166.48","1,214.52","1,217.13","1,160.29","1.37B","-5.11%"
"Oct 11, 2019","1,229.25","1,231.56","1,239.47","1,225.62","927.65M","0.24%"
"Oct 10, 2019","1,226.28","1,240.86","1,244.49","1,209.91","1.17B","-0.81%"
"Oct 09, 2019","1,236.24","1,266.80","1,272.51","1,235.69","1.03B","-2.15%"
"Oct 08, 2019","1,263.44","1,264.47","1,276.10","1,247.69","1.48B","-0.73%"
"Oct 07, 2019","1,272.77","1,276.44","1,302.61","1,266.68","1.38B","-0.51%"
"Oct 04, 2019","1,279.31","1,275.79","1,284.26","1,270.60","833.70M","0.67%"
"Oct 03, 2019","1,270.85","1,286.97","1,298.85","1,261.72","928.47M","-0.87%"
"Oct 02, 2019","1,281.98","1,286.70","1,295.83","1,277.44","959.40M","-0.44%"
"Oct 01, 2019","1,287.61","1,308.21","1,308.23","1,278.70","1.12B","-1.38%"
"Sep 30, 2019","1,305.59","1,315.50","1,317.41","1,304.61","1.06B","-0.21%"
"Sep 27, 2019","1,308.31","1,266.37","1,309.43","1,266.37","1.48B","3.59%"
"Sep 26, 2019","1,262.99","1,276.27","1,278.68","1,262.24","820.06M","-0.75%"
"Sep 25, 2019","1,272.49","1,259.08","1,272.49","1,257.16","800.45M","0.85%"
"Sep 24, 2019","1,261.82","1,256.55","1,266.79","1,256.55","987.44M","1.94%"
"Sep 23, 2019","1,237.80","1,243.05","1,246.63","1,231.96","784.93M","-0.23%"
"Sep 20, 2019","1,240.71","1,245.66","1,250.48","1,236.92","1.21B","-0.07%"
"Sep 19, 2019","1,241.55","1,265.51","1,266.05","1,237.60","1.10B","-1.77%"
"Sep 18, 2019","1,263.93","1,258.77","1,265.78","1,245.81","1.03B","0.38%"
"Sep 17, 2019","1,259.19","1,275.19","1,275.19","1,252.19","1.21B","-1.19%"
"Sep 16, 2019","1,274.38","1,275.39","1,284.90","1,269.51","904.68M","-0.69%"
"Sep 13, 2019","1,283.23","1,280.39","1,285.63","1,273.71","776.96M","0.47%"
"Sep 12, 2019","1,277.19","1,273.59","1,283.53","1,266.78","1.11B","0.68%"
"Sep 11, 2019","1,268.52","1,263.51","1,272.37","1,259.87","952.45M","0.78%"
"Sep 10, 2019","1,258.65","1,249.33","1,260.98","1,245.81","1.04B","0.72%"
"Sep 09, 2019","1,249.64","1,238.33","1,257.02","1,238.33","1.02B","1.89%"
"Sep 06, 2019","1,226.44","1,242.38","1,245.29","1,225.83","901.96M","-1.42%"
"Sep 05, 2019","1,244.15","1,248.23","1,252.47","1,238.16","1.03B","0.24%"
"Sep 04, 2019","1,241.21","1,237.88","1,244.24","1,231.31","853.56M","1.17%"
"Sep 03, 2019","1,226.90","1,219.97","1,235.63","1,214.70","960.76M","0.45%"
"Sep 02, 2019","1,221.36","1,198.83","1,225.25","1,198.83","780.73M","1.89%"
"Aug 29, 2019","1,198.72","1,192.70","1,205.08","1,188.07","737.69M","0.64%"
"Aug 28, 2019","1,191.06","1,200.44","1,201.52","1,183.52","802.60M","-0.30%"
"Aug 27, 2019","1,194.62","1,212.36","1,212.36","1,192.28","864.45M","-1.20%"
"Aug 26, 2019","1,209.07","1,190.48","1,213.37","1,190.48","794.53M","-0.08%"
"Aug 23, 2019","1,210.01","1,190.80","1,213.53","1,184.14","844.27M","1.96%"
"Aug 22, 2019","1,186.74","1,190.58","1,196.15","1,173.26","804.05M","-0.14%"
"Aug 21, 2019","1,188.46","1,194.74","1,198.25","1,184.80","766.70M","-0.37%"
"Aug 20, 2019","1,192.85","1,187.76","1,201.22","1,184.88","795.94M","0.64%"
"Aug 19, 2019","1,185.32","1,203.43","1,206.03","1,182.64","745.96M","-0.61%"
"Aug 16, 2019","1,192.60","1,213.82","1,218.24","1,192.60","769.65M","-1.09%"
"Aug 15, 2019","1,205.70","1,230.54","1,231.21","1,204.64","781.10M","-2.95%"
"Aug 09, 2019","1,242.37","1,241.21","1,249.10","1,234.22","702.63M","0.18%"
"Aug 08, 2019","1,240.15","1,242.32","1,244.34","1,222.53","826.39M","0.90%"
"Aug 07, 2019","1,229.14","1,255.48","1,257.48","1,224.25","875.45M","-1.63%"
"Aug 06, 2019","1,249.50","1,240.72","1,256.09","1,239.24","674.14M","1.04%"
"Aug 05, 2019","1,236.63","1,246.05","1,253.95","1,233.78","656.84M","-1.07%"
"Aug 02, 2019","1,250.05","1,275.39","1,277.37","1,249.28","691.10M","-2.38%"
"Aug 01, 2019","1,280.50","1,273.62","1,283.30","1,269.05","790.57M","-0.25%"
"Jul 31, 2019","1,283.66","1,296.96","1,296.97","1,275.71","826.93M","-0.66%"
"Jul 30, 2019","1,292.17","1,306.00","1,306.19","1,282.85","833.21M","-0.91%"
"Jul 29, 2019","1,304.06","1,300.37","1,306.10","1,291.55","666.94M","0.57%"
"Jul 26, 2019","1,296.73","1,288.52","1,302.38","1,278.32","785.14M","0.87%"
"Jul 25, 2019","1,285.57","1,310.21","1,315.16","1,279.90","1.26B","-1.67%"
"Jul 24, 2019","1,307.45","1,298.94","1,307.45","1,284.25","871.32M","0.94%"
"Jul 23, 2019","1,295.30","1,276.23","1,300.93","1,274.17","893.86M","1.64%"
"Jul 22, 2019","1,274.44","1,285.50","1,288.93","1,271.44","660.10M","-0.91%"
"Jul 19, 2019","1,286.18","1,293.51","1,299.91","1,283.34","1.11B","0.30%"
"Jul 18, 2019","1,282.37","1,256.88","1,286.34","1,252.15","1.06B","1.91%"
"Jul 17, 2019","1,258.39","1,239.96","1,260.39","1,234.33","949.87M","1.90%"
"Jul 16, 2019","1,234.89","1,233.23","1,245.81","1,229.56","797.20M","1.02%"
"Jul 12, 2019","1,222.39","1,251.77","1,257.52","1,219.27","1.01B","-2.29%"
"Jul 11, 2019","1,250.98","1,251.44","1,255.18","1,244.59","881.13M","0.88%"
"Jul 10, 2019","1,240.08","1,217.55","1,242.29","1,210.86","1.09B","1.87%"
"Jul 09, 2019","1,217.27","1,240.26","1,245.40","1,216.55","1.16B","-1.84%"
"Jul 08, 2019","1,240.12","1,234.59","1,245.42","1,231.31","974.67M","-1.10%"
"Jul 05, 2019","1,253.86","1,250.10","1,264.72","1,247.40","1.06B","0.30%"
"Jul 04, 2019","1,250.16","1,252.70","1,256.38","1,237.72","686.35M","0.21%"
"Jul 03, 2019","1,247.57","1,260.77","1,261.32","1,244.54","827.70M","-0.75%"
"Jul 02, 2019","1,257.05","1,254.00","1,260.12","1,244.97","987.91M","0.27%"
"Jul 01, 2019","1,253.67","1,239.04","1,256.68","1,234.27","1.25B","3.67%"
"Jun 28, 2019","1,209.24","1,198.26","1,211.36","1,194.96","662.03M","1.17%"
"Jun 27, 2019","1,195.21","1,191.54","1,200.35","1,191.39","760.54M","0.79%"
"Jun 26, 2019","1,185.82","1,195.80","1,199.87","1,182.21","723.12M","-0.74%"
"Jun 25, 2019","1,194.69","1,190.95","1,202.84","1,184.96","921.34M","0.13%"
"Jun 24, 2019","1,193.19","1,205.09","1,206.89","1,189.32","968.34M","1.32%"
"Jun 21, 2019","1,177.67","1,176.35","1,180.83","1,163.79","802.87M","-0.05%"
"Jun 20, 2019","1,178.31","1,192.92","1,203.41","1,177.29","1.32B","-0.12%"
"Jun 19, 2019","1,179.72","1,175.45","1,186.39","1,166.88","1.04B","0.08%"
"Jun 18, 2019","1,178.81","1,154.96","1,179.42","1,151.34","922.06M","2.10%"
"Jun 17, 2019","1,154.61","1,131.16","1,158.13","1,129.22","813.37M","1.72%"
"Jun 14, 2019","1,135.09","1,136.10","1,141.85","1,124.67","719.66M","0.33%"
"Jun 13, 2019","1,131.36","1,152.70","1,152.70","1,131.18","733.14M","-2.37%"
"Jun 12, 2019","1,158.83","1,160.31","1,173.28","1,155.48","777.05M","-0.23%"
"Jun 11, 2019","1,161.51","1,182.00","1,185.25","1,159.47","960.83M","-1.47%"
"Jun 10, 2019","1,178.88","1,175.37","1,184.28","1,164.90","1.01B","0.20%"
"Jun 07, 2019","1,176.52","1,132.81","1,176.52","1,128.47","751.72M","4.13%"
"Jun 03, 2019","1,129.87","1,129.40","1,136.63","1,121.92","250.97M","-0.31%"
"May 31, 2019","1,133.40","1,121.21","1,133.40","1,110.95","735.50M","0.83%"
"May 30, 2019","1,124.05","1,099.24","1,124.05","1,099.24","932.82M","3.31%"
"May 29, 2019","1,088.01","1,084.44","1,095.24","1,079.90","707.38M","0.54%"
"May 28, 2019","1,082.12","1,074.70","1,097.83","1,074.70","900.58M","1.39%"
"May 27, 2019","1,067.26","1,081.12","1,086.74","1,064.27","570.35M","-0.77%"
"May 24, 2019","1,075.51","1,062.48","1,081.70","1,061.84","920.37M","1.70%"
"May 23, 2019","1,057.52","1,043.24","1,059.51","1,043.24","763.31M","1.20%"
"May 22, 2019","1,045.03","1,062.17","1,070.32","1,045.03","751.16M","-1.97%"
"May 21, 2019","1,066.01","1,087.97","1,090.59","1,061.30","785.56M","-1.83%"
"May 20, 2019","1,085.87","1,086.63","1,090.07","1,081.57","651.28M","0.08%"
"May 17, 2019","1,084.98","1,085.79","1,094.95","1,080.73","826.74M","-0.43%"
"May 16, 2019","1,089.69","1,096.09","1,106.89","1,088.02","865.87M","-0.24%"
"May 15, 2019","1,092.30","1,099.65","1,100.12","1,073.45","806.62M","-0.65%"
"May 14, 2019","1,099.47","1,077.85","1,099.47","1,071.15","935.04M","2.40%"
"May 13, 2019","1,073.72","1,101.70","1,103.09","1,062.14","889.87M","-2.45%"
"May 10, 2019","1,100.69","1,113.00","1,117.98","1,097.68","739.35M","-0.22%"
"May 09, 2019","1,103.08","1,124.48","1,128.77","1,102.65","687.26M","-1.93%"
"May 08, 2019","1,124.82","1,130.44","1,141.88","1,117.46","745.21M","-1.41%"
"May 07, 2019","1,140.95","1,133.69","1,147.43","1,132.58","701.93M","-1.79%"
"May 06, 2019","1,161.79","1,159.76","1,163.36","1,142.57","473.79M","-0.94%"
"May 03, 2019","1,172.85","1,175.01","1,178.06","1,165.33","438.77M","-0.09%"
"May 02, 2019","1,173.85","1,194.44","1,198.64","1,170.31","530.10M","-1.37%"
"Apr 30, 2019","1,190.12","1,180.36","1,194.31","1,180.36","685.61M","1.02%"
"Apr 29, 2019","1,178.13","1,184.68","1,185.59","1,174.38","635.32M","-0.29%"
"Apr 26, 2019","1,181.50","1,182.52","1,186.98","1,172.03","564.27M","0.35%"
"Apr 25, 2019","1,177.36","1,202.09","1,204.03","1,169.16","722.13M","-1.90%"
"Apr 24, 2019","1,200.16","1,196.83","1,205.37","1,195.82","618.46M","0.11%"
"Apr 22, 2019","1,198.89","1,204.71","1,205.36","1,197.34","305.73M","-1.02%"
"Apr 19, 2019","1,211.22","1,216.07","1,218.18","1,209.97","289.61M","-0.15%"
"Apr 18, 2019","1,212.98","1,227.12","1,227.52","1,209.91","768.95M","-1.50%"
"Apr 17, 2019","1,231.51","1,219.77","1,238.83","1,218.88","913.04M","1.60%"
"Apr 16, 2019","1,212.09","1,196.42","1,215.76","1,196.42","774.33M","1.87%"
"Apr 15, 2019","1,189.85","1,198.40","1,208.56","1,189.85","564.29M","-1.00%"
"Apr 12, 2019","1,201.86","1,197.96","1,204.75","1,190.06","619.23M","-0.09%"
"Apr 11, 2019","1,202.98","1,218.66","1,223.58","1,202.72","725.08M","-1.06%"
"Apr 10, 2019","1,215.84","1,234.45","1,235.14","1,215.10","946.22M","-1.22%"
"Apr 09, 2019","1,230.91","1,230.12","1,240.18","1,222.66","1.00B","1.22%"
"Apr 08, 2019","1,216.06","1,242.77","1,244.00","1,212.73","846.90M","-1.94%"
"Apr 05, 2019","1,240.10","1,242.87","1,246.60","1,221.95","1.18B","0.51%"
"Apr 04, 2019","1,233.82","1,178.83","1,233.82","1,176.10","1.13B","4.66%"
"Apr 03, 2019","1,178.85","1,174.76","1,184.86","1,172.76","795.48M","1.04%"
"Apr 02, 2019","1,166.73","1,168.25","1,191.47","1,162.42","926.37M","-0.69%"
"Apr 01, 2019","1,174.86","1,176.49","1,189.90","1,149.14","1.21B","-0.05%"
"Mar 29, 2019","1,175.50","1,158.84","1,181.62","1,150.45","982.05M","1.83%"
"Mar 28, 2019","1,154.42","1,140.66","1,174.73","1,135.42","1.72B","0.35%"
"Mar 27, 2019","1,150.38","1,227.86","1,229.58","1,131.97","1.63B","-5.86%"
"Mar 26, 2019","1,222.05","1,256.29","1,259.61","1,218.26","1.18B","-2.05%"
"Mar 25, 2019","1,247.57","1,256.01","1,260.79","1,236.31","1.29B","-0.46%"
"Mar 22, 2019","1,253.32","1,301.10","1,302.39","1,251.02","1.39B","-3.46%"
"Mar 21, 2019","1,298.21","1,303.06","1,309.01","1,285.70","1.18B","0.15%"
"Mar 20, 2019","1,296.21","1,316.69","1,320.53","1,294.86","1.49B","-1.67%"
"Mar 19, 2019","1,318.29","1,315.46","1,332.73","1,308.06","1.28B","0.25%"
"Mar 18, 2019","1,315.01","1,302.39","1,318.04","1,302.39","998.33M","1.47%"
"Mar 15, 2019","1,296.01","1,292.05","1,297.09","1,287.79","1.17B","0.76%"
"Mar 14, 2019","1,286.27","1,285.06","1,291.55","1,280.91","894.33M","0.17%"
"Mar 13, 2019","1,284.05","1,278.12","1,288.66","1,269.45","820.94M","0.54%"
"Mar 12, 2019","1,277.11","1,271.15","1,281.56","1,265.84","779.87M","1.09%"
"Mar 11, 2019","1,263.32","1,275.07","1,280.98","1,260.81","732.27M","-0.61%"
"Mar 08, 2019","1,271.08","1,280.46","1,282.41","1,262.72","736.20M","-0.66%"
"Mar 07, 2019","1,279.53","1,299.00","1,304.03","1,279.39","961.09M","-1.06%"
"Mar 06, 2019","1,293.28","1,302.56","1,313.41","1,291.51","846.51M","-0.45%"
"Mar 05, 2019","1,299.08","1,301.69","1,313.84","1,295.37","1.17B","-0.50%"
"Mar 04, 2019","1,305.61","1,297.62","1,310.89","1,295.49","898.93M","0.89%"
"Mar 01, 2019","1,294.11","1,314.96","1,316.87","1,290.63","884.35M","-1.46%"
"Feb 28, 2019","1,313.28","1,308.82","1,320.60","1,308.15","810.86M","0.44%"
"Feb 27, 2019","1,307.58","1,319.62","1,321.62","1,307.11","880.88M","-0.90%"
"Feb 26, 2019","1,319.47","1,307.51","1,319.47","1,302.96","839.28M","0.78%"
"Feb 25, 2019","1,309.20","1,304.21","1,320.01","1,304.21","992.73M","1.09%"
"Feb 22, 2019","1,295.12","1,291.53","1,298.81","1,287.81","723.82M","0.64%"
"Feb 21, 2019","1,286.86","1,282.61","1,292.69","1,276.95","755.76M","0.41%"
"Feb 20, 2019","1,281.63","1,284.78","1,291.55","1,276.38","771.06M","-0.01%"
"Feb 19, 2019","1,281.72","1,283.24","1,284.99","1,268.16","844.67M","-0.00%"
"Feb 18, 2019","1,281.73","1,297.60","1,301.36","1,281.73","907.63M","-1.11%"
"Feb 15, 2019","1,296.12","1,286.72","1,299.75","1,275.07","947.80M","0.64%"
"Feb 14, 2019","1,287.86","1,283.28","1,294.34","1,269.85","1.09B","0.67%"
"Feb 13, 2019","1,279.34","1,313.21","1,314.84","1,279.32","1.07B","-1.99%"
"Feb 12, 2019","1,305.38","1,317.39","1,321.46","1,300.05","1.05B","-0.66%"
"Feb 11, 2019","1,314.08","1,298.62","1,318.21","1,298.32","941.65M","2.09%"
"Feb 08, 2019","1,287.12","1,286.94","1,291.21","1,282.97","712.49M","-0.33%"
"Feb 07, 2019","1,291.38","1,290.89","1,293.23","1,279.41","892.25M","0.21%"
"Feb 06, 2019","1,288.70","1,295.28","1,297.66","1,276.69","1.02B","-0.06%"
"Feb 05, 2019","1,289.51","1,293.09","1,307.83","1,279.56","1.14B","0.28%"
"Feb 04, 2019","1,285.97","1,296.24","1,302.82","1,281.62","729.30M","-0.70%"
"Feb 01, 2019","1,295.06","1,311.36","1,314.57","1,291.39","917.09M","-1.29%"
"Jan 31, 2019","1,311.94","1,330.78","1,336.21","1,303.09","1.40B","-0.08%"
"Jan 30, 2019","1,313.04","1,312.88","1,323.15","1,303.88","1.17B","0.06%"
"Jan 29, 2019","1,312.21","1,276.64","1,312.21","1,272.97","1.03B","2.86%"
"Jan 28, 2019","1,275.76","1,282.68","1,296.25","1,275.06","894.37M","-0.55%"
"Jan 25, 2019","1,282.76","1,289.26","1,291.52","1,277.30","969.54M","-0.11%"
"Jan 24, 2019","1,284.23","1,268.61","1,284.23","1,266.03","1.15B","1.57%"
"Jan 23, 2019","1,264.42","1,260.45","1,270.41","1,250.38","1.16B","0.37%"
"Jan 22, 2019","1,259.74","1,236.60","1,259.74","1,234.34","1.16B","1.92%"
"Jan 21, 2019","1,235.97","1,246.06","1,262.15","1,231.71","1.15B","-0.67%"
"Jan 18, 2019","1,244.28","1,228.65","1,247.41","1,226.07","1.02B","1.70%"
"Jan 17, 2019","1,223.53","1,205.32","1,231.37","1,200.24","1.35B","1.56%"
"Jan 16, 2019","1,204.76","1,175.14","1,204.95","1,170.68","1.19B","2.73%"
"Jan 15, 2019","1,172.76","1,165.09","1,174.21","1,163.36","792.23M","1.33%"
"Jan 14, 2019","1,157.41","1,140.34","1,157.41","1,134.87","628.89M","0.51%"
"Jan 11, 2019","1,151.58","1,148.61","1,155.99","1,145.78","586.65M","0.61%"
"Jan 10, 2019","1,144.55","1,146.12","1,153.68","1,138.04","715.50M","-0.07%"
"Jan 09, 2019","1,145.30","1,144.41","1,148.91","1,137.43","845.93M","0.46%"
"Jan 08, 2019","1,140.09","1,133.26","1,141.26","1,121.97","715.42M","0.99%"
"Jan 07, 2019","1,128.94","1,122.05","1,132.83","1,119.40","701.63M","1.34%"
"Jan 04, 2019","1,113.97","1,101.21","1,117.82","1,101.21","693.41M","1.75%"
"Jan 03, 2019","1,094.85","1,105.08","1,122.25","1,094.85","687.41M","-1.48%"
"Jan 02, 2019","1,111.31","1,139.45","1,139.52","1,108.16","558.95M","-2.81%"
"Dec 31, 2018","1,143.43","1,137.16","1,144.07","1,131.05","260.58M","0.87%"
"Dec 28, 2018","1,133.52","1,144.04","1,148.65","1,129.62","385.98M","-0.67%"
"Dec 27, 2018","1,141.17","1,150.24","1,152.07","1,137.32","403.66M","0.13%"
"Dec 26, 2018","1,139.67","1,141.06","1,144.59","1,135.06","199.44M","0.24%"
"Dec 25, 2018","1,136.99","1,139.34","1,142.73","1,132.92","248.97M","-0.81%"
"Dec 24, 2018","1,146.33","1,154.34","1,158.61","1,146.01","410.69M","-0.42%"
"Dec 21, 2018","1,151.20","1,150.03","1,156.29","1,138.18","696.94M","-0.00%"
"Dec 20, 2018","1,151.22","1,151.54","1,158.34","1,144.23","677.89M","-0.82%"
"Dec 19, 2018","1,160.69","1,145.29","1,160.85","1,141.39","713.09M","1.65%"
"Dec 18, 2018","1,141.90","1,122.21","1,141.90","1,120.84","611.63M","1.39%"
"Dec 17, 2018","1,126.21","1,132.68","1,138.95","1,124.30","434.69M","-0.50%"
"Dec 14, 2018","1,131.92","1,138.01","1,140.11","1,116.08","659.92M","-0.88%"
"Dec 13, 2018","1,141.96","1,130.87","1,143.59","1,129.59","636.76M","1.56%"
"Dec 12, 2018","1,124.42","1,150.66","1,153.51","1,123.90","851.46M","-1.86%"
"Dec 11, 2018","1,145.77","1,152.67","1,156.06","1,143.94","661.11M","-0.39%"
"Dec 10, 2018","1,150.28","1,163.38","1,165.83","1,149.66","577.20M","-1.65%"
"Dec 07, 2018","1,169.63","1,166.31","1,171.15","1,161.91","595.80M","1.10%"
"Dec 06, 2018","1,156.93","1,165.53","1,169.87","1,150.87","663.31M","-1.28%"
"Dec 05, 2018","1,171.94","1,159.62","1,175.19","1,156.99","832.85M","0.02%"
"Dec 04, 2018","1,171.75","1,182.40","1,194.49","1,166.78","921.90M","-1.36%"
"Dec 03, 2018","1,187.88","1,205.63","1,211.77","1,187.88","1.02B","-0.45%"
"Nov 30, 2018","1,193.25","1,188.77","1,193.25","1,181.27","1.06B","0.38%"
"Nov 29, 2018","1,188.68","1,188.20","1,195.19","1,184.58","804.92M","1.04%"
"Nov 28, 2018","1,176.44","1,173.10","1,184.18","1,173.10","701.32M","0.57%"
"Nov 27, 2018","1,169.78","1,177.73","1,180.58","1,164.04","818.95M","-0.73%"
"Nov 26, 2018","1,178.43","1,173.33","1,186.32","1,172.35","893.08M","1.04%"
"Nov 23, 2018","1,166.32","1,160.13","1,166.32","1,152.88","501.18M","0.47%"
"Nov 22, 2018","1,160.87","1,162.39","1,165.61","1,151.05","503.60M","-0.09%"
"Nov 21, 2018","1,161.96","1,153.27","1,161.96","1,147.55","722.41M","1.16%"
"Nov 20, 2018","1,148.58","1,182.20","1,184.37","1,147.11","914.00M","-3.18%"
"Nov 19, 2018","1,186.31","1,172.85","1,186.94","1,172.85","680.95M","1.02%"
"Nov 16, 2018","1,174.33","1,176.61","1,184.25","1,162.73","671.99M","0.35%"
"Nov 15, 2018","1,170.23","1,174.43","1,180.61","1,162.80","909.14M","-0.16%"
"Nov 14, 2018","1,172.05","1,159.25","1,177.78","1,152.31","1.04B","0.84%"
"Nov 13, 2018","1,162.30","1,145.35","1,167.76","1,142.05","850.22M","1.58%"
"Nov 12, 2018","1,144.25","1,162.39","1,171.83","1,144.25","696.50M","-1.39%"
"Nov 09, 2018","1,160.42","1,166.18","1,170.74","1,151.82","850.92M","-0.68%"
"Nov 08, 2018","1,168.32","1,196.40","1,197.71","1,165.36","1.04B","-2.35%"
"Nov 07, 2018","1,196.40","1,184.58","1,203.82","1,178.66","966.14M","0.87%"
"Nov 06, 2018","1,186.03","1,203.82","1,205.56","1,177.84","1.05B","-1.30%"
"Nov 05, 2018","1,201.68","1,181.47","1,201.68","1,171.12","1.04B","2.14%"
"Nov 02, 2018","1,176.50","1,154.98","1,183.21","1,154.98","1.19B","1.98%"
"Nov 01, 2018","1,153.66","1,124.81","1,154.27","1,120.62","845.29M","2.58%"
"Oct 31, 2018","1,124.59","1,127.65","1,146.38","1,110.85","967.27M","0.25%"
"Oct 30, 2018","1,121.73","1,133.26","1,140.40","1,102.79","863.27M","-0.65%"
"Oct 26, 2018","1,129.12","1,171.84","1,172.57","1,129.12","707.06M","-3.41%"
"Oct 25, 2018","1,168.95","1,146.09","1,168.95","1,143.31","832.74M","1.53%"
"Oct 24, 2018","1,151.33","1,167.36","1,170.94","1,151.33","762.95M","-0.93%"
"Oct 23, 2018","1,162.10","1,167.33","1,174.16","1,148.33","975.48M","-1.21%"
"Oct 22, 2018","1,176.28","1,208.71","1,211.23","1,176.28","763.07M","-1.86%"
"Oct 19, 2018","1,198.53","1,217.18","1,218.73","1,196.69","868.45M","-1.17%"
"Oct 18, 2018","1,212.78","1,232.09","1,234.48","1,209.04","936.26M","-1.64%"
"Oct 17, 2018","1,233.04","1,236.38","1,240.51","1,219.61","1.17B","0.54%"
"Oct 16, 2018","1,226.43","1,227.34","1,236.31","1,218.63","1.11B","-0.21%"
"Oct 15, 2018","1,229.02","1,212.00","1,234.98","1,211.82","1.27B","2.15%"
"Oct 12, 2018","1,203.10","1,191.37","1,212.02","1,159.28","1.47B","2.07%"
"Oct 11, 2018","1,178.72","1,168.36","1,183.21","1,161.70","931.02M","0.33%"
"Oct 10, 2018","1,174.82","1,208.34","1,209.57","1,174.82","1.10B","-2.44%"
"Oct 09, 2018","1,204.16","1,197.87","1,208.91","1,185.93","1.23B","0.91%"
"Oct 08, 2018","1,193.36","1,164.52","1,194.89","1,160.03","1.14B","1.53%"
"Oct 05, 2018","1,175.37","1,168.58","1,177.12","1,153.50","1.01B","0.33%"
"Oct 04, 2018","1,171.52","1,201.03","1,201.32","1,171.41","1.04B","-2.61%"
"Oct 03, 2018","1,202.97","1,216.15","1,223.00","1,200.50","1.07B","-1.03%"
"Oct 02, 2018","1,215.49","1,218.62","1,222.56","1,204.70","1.06B","-0.40%"
"Oct 01, 2018","1,220.32","1,240.46","1,248.75","1,220.32","1.38B","-1.55%"
"Sep 28, 2018","1,239.51","1,245.09","1,246.51","1,229.42","1.66B","-0.33%"
"Sep 27, 2018","1,243.60","1,228.28","1,248.96","1,225.78","1.71B","1.14%"
"Sep 26, 2018","1,229.63","1,234.54","1,237.63","1,216.08","965.11M","-0.18%"
"Sep 25, 2018","1,231.80","1,242.90","1,243.99","1,222.04","1.38B","-0.32%"
"Sep 24, 2018","1,235.72","1,217.38","1,235.76","1,210.52","1.54B","1.79%"
"Sep 21, 2018","1,214.02","1,193.46","1,214.02","1,193.46","980.23M","2.23%"
"Sep 20, 2018","1,187.51","1,198.43","1,204.03","1,179.90","1.53B","-0.52%"
"Sep 19, 2018","1,193.70","1,178.16","1,195.71","1,173.80","1.09B","2.00%"
"Sep 18, 2018","1,170.30","1,169.05","1,177.40","1,166.64","703.88M","0.51%"
"Sep 17, 2018","1,164.33","1,164.09","1,173.01","1,156.80","803.53M","-0.39%"
"Sep 14, 2018","1,168.89","1,175.60","1,189.28","1,164.00","1.25B","0.42%"
"Sep 13, 2018","1,163.95","1,135.52","1,166.68","1,123.68","1.24B","2.45%"
"Sep 12, 2018","1,136.12","1,143.28","1,153.15","1,132.60","740.51M","-0.16%"
"Sep 11, 2018","1,137.93","1,130.29","1,142.01","1,124.97","584.10M","0.87%"
"Sep 10, 2018","1,128.08","1,149.42","1,150.97","1,127.87","660.71M","-1.56%"
"Sep 07, 2018","1,145.91","1,143.34","1,151.49","1,135.05","680.27M","0.67%"
"Sep 06, 2018","1,138.32","1,144.12","1,156.96","1,138.32","538.72M","-0.17%"
"Sep 05, 2018","1,140.31","1,144.05","1,152.54","1,134.37","727.64M","-0.47%"
"Sep 04, 2018","1,145.71","1,160.40","1,163.36","1,141.90","626.94M","-0.90%"
"Sep 03, 2018","1,156.16","1,137.41","1,166.98","1,136.21","795.49M","1.05%"
"Aug 31, 2018","1,144.10","1,157.05","1,159.26","1,137.41","757.27M","-0.86%"
"Aug 29, 2018","1,154.01","1,155.74","1,167.42","1,148.09","783.97M","-0.74%"
"Aug 28, 2018","1,162.61","1,128.39","1,164.11","1,124.14","897.07M","2.98%"
"Aug 27, 2018","1,129.01","1,126.96","1,129.91","1,113.23","662.22M","1.06%"
"Aug 20, 2018","1,117.12","1,102.42","1,122.34","1,101.73","289.98M","1.58%"
"Aug 17, 2018","1,099.75","1,066.05","1,100.19","1,042.60","1.05B","2.42%"
"Aug 16, 2018","1,073.72","1,130.30","1,131.35","1,073.72","1.23B","-3.66%"
"Aug 15, 2018","1,114.49","1,174.44","1,176.65","1,111.48","1.33B","-3.26%"
"Aug 14, 2018","1,152.10","1,170.98","1,179.05","1,144.40","1.38B","0.74%"
"Aug 13, 2018","1,143.65","1,161.65","1,161.65","1,093.82","2.02B","-2.57%"
"Aug 10, 2018","1,173.76","1,180.23","1,210.45","1,097.34","1.75B","-2.15%"
"Aug 09, 2018","1,199.51","1,177.28","1,220.24","1,175.06","1.73B","0.28%"
"Aug 08, 2018","1,196.20","1,188.56","1,201.02","1,184.19","920.31M","0.78%"
"Aug 07, 2018","1,186.90","1,165.15","1,190.41","1,163.30","1.03B","2.38%"
"Aug 06, 2018","1,159.31","1,172.85","1,175.73","1,151.83","856.88M","-1.55%"
"Aug 03, 2018","1,177.58","1,166.00","1,184.55","1,166.00","881.30M","0.91%"
"Aug 02, 2018","1,166.99","1,177.64","1,177.64","1,161.56","827.67M","-2.68%"
"Aug 01, 2018","1,199.08","1,196.78","1,201.94","1,185.64","788.35M","0.38%"
"Jul 31, 2018","1,194.50","1,178.23","1,197.01","1,176.49","790.98M","1.09%"
"Jul 30, 2018","1,181.66","1,171.67","1,183.80","1,165.32","688.39M","0.55%"
"Jul 27, 2018","1,175.15","1,166.18","1,180.24","1,160.03","837.11M","0.88%"
"Jul 26, 2018","1,164.89","1,177.20","1,188.94","1,147.83","1.14B","-0.61%"
"Jul 25, 2018","1,172.04","1,132.07","1,178.16","1,129.60","1.19B","3.78%"
"Jul 24, 2018","1,129.32","1,174.04","1,174.41","1,126.39","1.08B","-3.57%"
"Jul 23, 2018","1,171.07","1,155.43","1,180.23","1,155.43","746.73M","1.44%"
"Jul 20, 2018","1,154.46","1,145.65","1,156.22","1,138.92","681.43M","1.03%"
"Jul 19, 2018","1,142.64","1,140.51","1,146.70","1,132.92","863.13M","0.67%"
"Jul 18, 2018","1,135.06","1,125.76","1,135.14","1,110.10","1.19B","0.90%"
"Jul 17, 2018","1,124.95","1,100.29","1,125.04","1,099.44","1.03B","2.29%"
"Jul 16, 2018","1,099.73","1,113.60","1,117.43","1,092.41","843.01M","-0.32%"
"Jul 13, 2018","1,103.27","1,106.21","1,119.03","1,096.38","795.21M","0.15%"
"Jul 12, 2018","1,101.58","1,127.36","1,136.09","1,083.01","1.46B","-1.81%"
"Jul 11, 2018","1,121.83","1,170.39","1,170.39","1,120.42","1.40B","-5.14%"
"Jul 10, 2018","1,182.63","1,200.86","1,210.61","1,177.05","1.27B","-3.17%"
"Jul 09, 2018","1,221.38","1,225.78","1,242.90","1,214.97","956.52M","0.59%"
"Jul 06, 2018","1,214.22","1,219.53","1,226.48","1,205.21","803.84M","-0.25%"
"Jul 05, 2018","1,217.25","1,196.78","1,219.16","1,196.78","819.55M","2.06%"
"Jul 04, 2018","1,192.66","1,186.40","1,195.26","1,180.52","588.27M","0.73%"
"Jul 03, 2018","1,184.01","1,187.67","1,194.02","1,181.71","649.65M","-0.03%"
"Jul 02, 2018","1,184.42","1,174.99","1,190.02","1,169.01","673.69M","0.29%"
"Jun 29, 2018","1,181.04","1,188.15","1,195.46","1,178.25","671.25M","0.02%"
"Jun 28, 2018","1,180.83","1,174.93","1,190.13","1,170.37","736.26M","0.29%"
"Jun 27, 2018","1,177.42","1,157.87","1,180.79","1,155.42","856.64M","1.67%"
"Jun 26, 2018","1,158.07","1,152.16","1,166.99","1,149.68","654.07M","0.54%"
"Jun 25, 2018","1,151.82","1,217.13","1,218.83","1,142.98","972.31M","-1.99%"
"Jun 22, 2018","1,175.16","1,171.43","1,179.99","1,157.47","533.04M","0.82%"
"Jun 21, 2018","1,165.60","1,162.03","1,170.59","1,157.54","565.38M","0.40%"
"Jun 20, 2018","1,160.90","1,157.25","1,170.27","1,149.82","639.78M","0.04%"
"Jun 19, 2018","1,160.40","1,136.08","1,164.30","1,132.18","692.36M","1.61%"
"Jun 18, 2018","1,141.97","1,159.05","1,159.05","1,138.20","505.17M","-1.85%"
"Jun 14, 2018","1,163.54","1,148.06","1,174.53","1,140.87","351.33M","1.07%"
"Jun 13, 2018","1,151.21","1,164.93","1,175.58","1,148.75","603.87M","-1.72%"
"Jun 12, 2018","1,171.37","1,185.35","1,188.55","1,166.42","656.23M","-1.40%"
"Jun 11, 2018","1,188.06","1,176.72","1,195.03","1,146.14","887.68M","0.98%"
"Jun 08, 2018","1,176.51","1,208.37","1,208.37","1,173.35","785.87M","-3.11%"
"Jun 07, 2018","1,214.29","1,182.58","1,215.68","1,178.39","892.01M","2.35%"
"Jun 06, 2018","1,186.39","1,204.18","1,205.54","1,164.97","799.97M","-1.04%"
"Jun 05, 2018","1,198.91","1,221.45","1,224.85","1,197.51","568.66M","-1.45%"
"Jun 04, 2018","1,216.49","1,218.60","1,234.60","1,212.88","621.38M","-0.11%"
"Jun 01, 2018","1,217.87","1,237.62","1,238.63","1,203.48","928.67M","-1.51%"
"May 31, 2018","1,236.49","1,283.71","1,285.21","1,236.49","846.42M","-3.34%"
"May 30, 2018","1,279.23","1,295.66","1,306.05","1,277.29","676.60M","-1.39%"
"May 29, 2018","1,297.32","1,307.74","1,307.74","1,287.19","584.91M","-1.50%"
"May 28, 2018","1,317.01","1,292.28","1,317.01","1,291.20","639.39M","3.19%"
"May 25, 2018","1,276.32","1,256.23","1,278.39","1,250.04","717.37M","2.29%"
"May 24, 2018","1,247.75","1,272.46","1,281.91","1,244.12","884.96M","-0.77%"
"May 23, 2018","1,257.46","1,267.87","1,276.60","1,251.04","817.05M","-1.35%"
"May 22, 2018","1,274.61","1,265.84","1,280.76","1,260.58","707.37M","1.16%"
"May 21, 2018","1,260.01","1,257.91","1,272.42","1,254.64","539.37M","-0.09%"
"May 18, 2018","1,261.13","1,256.82","1,268.16","1,253.96","529.50M","0.51%"
"May 17, 2018","1,254.79","1,265.69","1,266.93","1,250.02","643.01M","-0.31%"
"May 16, 2018","1,258.67","1,249.93","1,266.75","1,237.35","772.81M","0.78%"
"May 15, 2018","1,248.96","1,256.48","1,266.35","1,243.54","746.41M","-1.74%"
"May 14, 2018","1,271.13","1,249.25","1,275.03","1,246.95","539.80M","1.64%"
"May 11, 2018","1,250.61","1,260.01","1,264.24","1,242.43","599.29M","-0.66%"
"May 10, 2018","1,258.86","1,243.44","1,258.86","1,218.36","711.08M","1.74%"
"May 09, 2018","1,237.29","1,209.26","1,248.53","1,201.67","736.01M","1.75%"
"May 08, 2018","1,215.96","1,237.26","1,240.35","1,209.44","776.31M","-1.13%"
"May 07, 2018","1,229.80","1,253.17","1,254.49","1,226.06","523.84M","-1.82%"
"May 04, 2018","1,252.55","1,254.46","1,262.43","1,239.02","807.93M","-0.32%"
"May 03, 2018","1,256.63","1,279.05","1,282.10","1,252.67","786.07M","-1.81%"
"May 02, 2018","1,279.77","1,277.93","1,285.48","1,255.61","747.90M","0.83%"
"Apr 30, 2018","1,269.28","1,320.52","1,323.22","1,263.64","579.99M","-3.52%"
"Apr 27, 2018","1,315.64","1,310.74","1,324.06","1,303.46","599.27M","0.54%"
"Apr 26, 2018","1,308.62","1,319.69","1,323.82","1,299.22","529.57M","-0.38%"
"Apr 25, 2018","1,313.62","1,350.08","1,351.27","1,304.80","779.37M","-2.36%"
"Apr 24, 2018","1,345.41","1,352.74","1,353.64","1,342.05","545.39M","-0.84%"
"Apr 20, 2018","1,356.86","1,370.16","1,370.72","1,353.90","487.84M","-1.12%"
"Apr 19, 2018","1,372.26","1,372.29","1,377.10","1,366.60","674.78M","-0.05%"
"Apr 18, 2018","1,372.97","1,328.33","1,372.97","1,315.50","963.23M","3.17%"
"Apr 17, 2018","1,330.75","1,362.41","1,364.87","1,320.96","926.47M","-1.59%"
"Apr 16, 2018","1,352.27","1,343.87","1,358.94","1,342.99","521.15M","0.86%"
"Apr 13, 2018","1,340.72","1,353.96","1,355.14","1,332.14","584.50M","-0.61%"
"Apr 12, 2018","1,348.90","1,333.43","1,350.73","1,323.40","722.62M","1.03%"
"Apr 11, 2018","1,335.11","1,346.40","1,362.62","1,304.67","864.96M","-1.25%"
"Apr 10, 2018","1,351.96","1,385.92","1,386.67","1,343.43","778.23M","-2.18%"
"Apr 09, 2018","1,382.15","1,406.98","1,408.00","1,373.52","542.42M","-1.23%"
"Apr 06, 2018","1,399.43","1,400.95","1,406.91","1,395.88","530.44M","-0.44%"
"Apr 05, 2018","1,405.65","1,393.95","1,409.57","1,390.60","855.54M","1.14%"
"Apr 04, 2018","1,389.83","1,398.32","1,399.74","1,380.38","612.83M","-0.41%"
"Apr 03, 2018","1,395.57","1,390.09","1,400.22","1,388.27","612.12M","0.19%"
"Apr 02, 2018","1,392.98","1,404.64","1,407.10","1,392.98","251.99M","-0.59%"
"Mar 30, 2018","1,401.29","1,408.06","1,414.61","1,399.15","466.45M","0.05%"
"Mar 29, 2018","1,400.63","1,386.42","1,403.69","1,381.40","521.71M","0.63%"
"Mar 28, 2018","1,391.90","1,410.63","1,415.34","1,387.92","671.03M","-1.91%"
"Mar 27, 2018","1,418.99","1,437.49","1,439.94","1,418.99","630.42M","-0.22%"
"Mar 26, 2018","1,422.17","1,434.25","1,439.00","1,420.74","840.24M","-0.38%"
"Mar 23, 2018","1,427.53","1,419.29","1,431.40","1,414.70","664.08M","-0.50%"
"Mar 22, 2018","1,434.69","1,451.57","1,454.15","1,434.07","509.21M","-0.54%"
"Mar 21, 2018","1,442.48","1,428.89","1,444.28","1,426.86","594.37M","1.12%"
"Mar 20, 2018","1,426.49","1,420.12","1,430.20","1,407.94","544.99M","1.01%"
"Mar 19, 2018","1,412.23","1,436.29","1,436.43","1,411.93","391.02M","-1.77%"
"Mar 16, 2018","1,437.61","1,443.42","1,446.29","1,432.77","399.32M","-0.04%"
"Mar 15, 2018","1,438.22","1,448.67","1,450.68","1,435.53","412.23M","-0.38%"
"Mar 14, 2018","1,443.73","1,451.93","1,461.00","1,441.08","428.27M","-0.52%"
"Mar 13, 2018","1,451.26","1,453.40","1,456.42","1,444.48","506.32M","-0.07%"
"Mar 12, 2018","1,452.31","1,443.38","1,458.68","1,443.38","500.98M","1.37%"
"Mar 09, 2018","1,432.71","1,433.01","1,437.45","1,427.47","377.32M","0.28%"
"Mar 08, 2018","1,428.76","1,433.99","1,440.12","1,427.97","405.85M","-0.28%"
"Mar 07, 2018","1,432.76","1,427.54","1,434.77","1,422.22","460.02M","-0.06%"
"Mar 06, 2018","1,433.59","1,443.92","1,445.84","1,433.50","524.16M","-0.18%"
"Mar 05, 2018","1,436.17","1,439.14","1,444.86","1,432.45","353.53M","-0.07%"
"Mar 02, 2018","1,437.16","1,443.04","1,446.71","1,429.49","446.88M","-0.70%"
"Mar 01, 2018","1,447.36","1,460.59","1,466.15","1,445.21","528.72M","-1.24%"
"Feb 28, 2018","1,465.54","1,458.20","1,469.54","1,456.74","559.40M","0.13%"
"Feb 27, 2018","1,463.67","1,465.80","1,469.71","1,459.29","523.11M","0.05%"
"Feb 26, 2018","1,462.93","1,456.02","1,464.05","1,453.90","400.54M","1.15%"
"Feb 23, 2018","1,446.24","1,444.15","1,450.45","1,439.39","463.96M","0.68%"
"Feb 22, 2018","1,436.44","1,428.33","1,438.90","1,418.44","602.18M","0.39%"
"Feb 21, 2018","1,430.81","1,413.25","1,430.81","1,409.75","529.70M","2.67%"
"Feb 20, 2018","1,393.59","1,431.42","1,437.78","1,391.39","538.45M","-2.29%"
"Feb 19, 2018","1,426.26","1,441.31","1,447.55","1,420.22","484.22M","-0.55%"
"Feb 16, 2018","1,434.19","1,437.60","1,446.84","1,426.73","466.96M","0.29%"
"Feb 15, 2018","1,430.02","1,408.35","1,430.94","1,408.35","469.42M","2.67%"
"Feb 14, 2018","1,392.80","1,417.39","1,421.26","1,390.57","441.94M","-0.97%"
"Feb 13, 2018","1,406.46","1,413.53","1,420.24","1,405.52","433.60M","-0.07%"
"Feb 12, 2018","1,407.47","1,404.23","1,414.56","1,402.58","423.93M","1.14%"
"Feb 09, 2018","1,391.65","1,384.28","1,400.05","1,377.14","511.20M","-0.47%"
"Feb 08, 2018","1,398.22","1,417.47","1,419.49","1,393.19","529.65M","-1.07%"
"Feb 07, 2018","1,413.30","1,423.63","1,426.24","1,411.48","604.13M","-0.08%"
"Feb 06, 2018","1,414.43","1,397.77","1,420.22","1,393.49","632.32M","-1.05%"
"Feb 05, 2018","1,429.42","1,439.94","1,445.31","1,426.33","556.84M","-1.08%"
"Feb 02, 2018","1,444.97","1,460.41","1,463.76","1,440.64","471.71M","-0.82%"
"Feb 01, 2018","1,456.96","1,470.76","1,482.57","1,451.96","609.50M","-0.54%"
"Jan 31, 2018","1,464.81","1,462.32","1,472.81","1,459.38","520.84M","0.47%"
"Jan 30, 2018","1,457.93","1,470.21","1,480.03","1,457.93","623.56M","-1.45%"
"Jan 29, 2018","1,479.36","1,487.33","1,488.73","1,459.93","545.03M","0.04%"
"Jan 26, 2018","1,478.80","1,455.98","1,478.80","1,454.12","602.05M","1.93%"
"Jan 25, 2018","1,450.85","1,463.23","1,473.25","1,450.67","701.42M","-0.86%"
"Jan 24, 2018","1,463.44","1,448.47","1,463.44","1,443.11","602.68M","1.08%"
"Jan 23, 2018","1,447.76","1,442.85","1,456.21","1,436.60","615.00M","0.89%"
"Jan 22, 2018","1,434.94","1,414.60","1,434.94","1,410.04","496.47M","1.94%"
"Jan 19, 2018","1,407.70","1,428.11","1,432.37","1,405.74","500.48M","-1.55%"
"Jan 18, 2018","1,429.85","1,435.00","1,443.17","1,421.57","629.87M","0.13%"
"Jan 17, 2018","1,428.00","1,398.06","1,428.37","1,388.42","665.14M","2.08%"
"Jan 16, 2018","1,398.93","1,363.92","1,399.87","1,357.06","705.28M","2.14%"
"Jan 15, 2018","1,369.63","1,395.09","1,409.99","1,369.63","593.11M","-2.15%"
"Jan 12, 2018","1,399.71","1,405.37","1,413.65","1,398.35","577.61M","-0.11%"
"Jan 11, 2018","1,401.23","1,396.83","1,401.23","1,379.20","592.71M","1.00%"
"Jan 10, 2018","1,387.31","1,403.64","1,404.41","1,378.92","661.38M","-1.39%"
"Jan 09, 2018","1,406.86","1,423.33","1,428.26","1,405.52","565.60M","-1.15%"
"Jan 08, 2018","1,423.23","1,440.58","1,444.20","1,422.18","569.94M","-0.45%"
"Jan 05, 2018","1,429.72","1,424.40","1,436.79","1,419.95","587.58M","0.98%"
"Jan 04, 2018","1,415.91","1,427.41","1,442.18","1,411.73","706.66M","-0.81%"
"Jan 03, 2018","1,427.41","1,451.97","1,460.28","1,423.56","687.26M","-1.52%"
"Jan 02, 2018","1,449.47","1,426.61","1,452.06","1,425.16","523.25M","1.99%"
"Dec 29, 2017","1,421.12","1,412.95","1,428.88","1,407.60","440.88M","0.79%"
"Dec 28, 2017","1,410.01","1,382.19","1,410.87","1,382.19","512.65M","2.35%"
"Dec 27, 2017","1,377.63","1,373.46","1,378.90","1,368.16","438.03M","0.13%"
"Dec 26, 2017","1,375.83","1,376.94","1,379.18","1,371.52","334.91M","0.25%"
"Dec 25, 2017","1,372.41","1,373.75","1,377.07","1,368.42","226.25M","0.51%"
"Dec 22, 2017","1,365.47","1,376.47","1,379.99","1,363.88","449.54M","-0.24%"
"Dec 21, 2017","1,368.82","1,362.23","1,375.64","1,361.86","502.30M","0.82%"
"Dec 20, 2017","1,357.72","1,354.00","1,361.33","1,345.20","480.49M","0.32%"
"Dec 19, 2017","1,353.39","1,358.82","1,366.86","1,353.38","529.76M","-0.17%"
"Dec 18, 2017","1,355.73","1,352.10","1,364.19","1,351.64","581.85M","0.69%"
"Dec 15, 2017","1,346.45","1,351.38","1,356.35","1,342.51","587.05M","-0.50%"
"Dec 14, 2017","1,353.24","1,342.97","1,357.69","1,331.47","809.21M","1.58%"
"Dec 13, 2017","1,332.14","1,345.65","1,349.81","1,327.64","520.94M","-0.77%"
"Dec 12, 2017","1,342.54","1,343.82","1,348.99","1,332.95","537.00M","-0.17%"
"Dec 11, 2017","1,344.81","1,340.77","1,347.76","1,336.06","605.13M","1.18%"
"Dec 08, 2017","1,329.17","1,314.49","1,332.89","1,311.34","580.38M","1.51%"
"Dec 07, 2017","1,309.44","1,298.01","1,313.84","1,293.11","469.50M","1.14%"
"Dec 06, 2017","1,294.63","1,310.97","1,314.30","1,291.78","548.41M","-1.11%"
"Dec 05, 2017","1,309.17","1,301.89","1,313.88","1,294.34","665.97M","1.25%"
"Dec 04, 2017","1,292.98","1,270.49","1,294.44","1,270.34","486.36M","1.62%"
"Dec 01, 2017","1,272.34","1,277.89","1,281.94","1,266.67","481.40M","-0.54%"
"Nov 30, 2017","1,279.23","1,266.57","1,282.93","1,261.41","676.31M","1.72%"
"Nov 29, 2017","1,257.65","1,256.50","1,267.22","1,246.51","530.08M","0.37%"
"Nov 28, 2017","1,253.07","1,284.78","1,304.35","1,253.07","731.47M","-2.54%"
"Nov 27, 2017","1,285.72","1,286.72","1,297.10","1,276.89","481.58M","0.09%"
"Nov 24, 2017","1,284.50","1,285.18","1,293.73","1,279.08","520.49M","-0.39%"
"Nov 23, 2017","1,289.49","1,307.44","1,314.69","1,283.90","573.45M","-0.98%"
"Nov 22, 2017","1,302.25","1,293.09","1,304.70","1,271.43","747.00M","0.76%"
"Nov 21, 2017","1,292.39","1,267.07","1,295.94","1,265.76","752.28M","1.21%"
"Nov 20, 2017","1,276.97","1,308.84","1,308.89","1,272.52","585.33M","-2.32%"
"Nov 17, 2017","1,307.35","1,319.58","1,322.14","1,299.41","598.73M","-0.46%"
"Nov 16, 2017","1,313.45","1,326.25","1,337.87","1,311.07","611.12M","-0.67%"
"Nov 15, 2017","1,322.25","1,349.49","1,359.55","1,322.02","757.48M","-2.17%"
"Nov 14, 2017","1,351.55","1,333.59","1,358.79","1,323.25","705.88M","1.42%"
"Nov 13, 2017","1,332.60","1,341.87","1,344.61","1,319.91","578.58M","-0.02%"
"Nov 10, 2017","1,332.91","1,350.92","1,353.72","1,329.64","603.92M","-1.14%"
"Nov 09, 2017","1,348.27","1,375.04","1,377.95","1,343.83","679.00M","-1.66%"
"Nov 08, 2017","1,371.06","1,385.65","1,387.51","1,357.62","716.94M","-0.57%"
"Nov 07, 2017","1,378.95","1,407.69","1,411.02","1,378.95","753.98M","-1.85%"
"Nov 06, 2017","1,404.93","1,373.38","1,417.89","1,371.52","724.85M","2.89%"
"Nov 03, 2017","1,365.53","1,391.38","1,395.87","1,356.81","751.45M","-1.82%"
"Nov 02, 2017","1,390.78","1,405.84","1,409.89","1,385.59","811.50M","0.06%"
"Nov 01, 2017","1,389.96","1,354.47","1,396.48","1,351.36","845.73M","2.92%"
"Oct 31, 2017","1,350.49","1,331.64","1,350.49","1,329.03","557.26M","1.69%"
"Oct 30, 2017","1,328.09","1,333.80","1,336.86","1,325.78","468.56M","0.47%"
"Oct 27, 2017","1,321.87","1,312.01","1,324.40","1,309.52","626.29M","0.53%"
"Oct 26, 2017","1,314.84","1,327.26","1,334.99","1,314.84","517.52M","-1.01%"
"Oct 25, 2017","1,328.27","1,318.90","1,330.08","1,318.80","511.97M","1.05%"
"Oct 24, 2017","1,314.53","1,318.97","1,324.20","1,313.44","550.70M","-0.06%"
"Oct 23, 2017","1,315.31","1,327.05","1,327.05","1,315.31","468.04M","-1.23%"
"Oct 20, 2017","1,331.73","1,334.66","1,341.60","1,323.88","617.61M","0.10%"
"Oct 19, 2017","1,330.44","1,316.46","1,330.53","1,313.93","488.70M","1.54%"
"Oct 18, 2017","1,310.27","1,317.93","1,319.03","1,307.54","549.21M","-0.09%"
"Oct 17, 2017","1,311.48","1,307.67","1,321.21","1,306.18","526.13M","0.44%"
"Oct 16, 2017","1,305.78","1,307.31","1,312.71","1,300.67","536.94M","0.20%"
"Oct 13, 2017","1,303.22","1,301.15","1,308.64","1,291.15","558.14M","0.26%"
"Oct 12, 2017","1,299.79","1,288.35","1,299.79","1,281.07","548.00M","2.16%"
"Oct 11, 2017","1,272.32","1,262.07","1,283.63","1,257.71","749.72M","0.54%"
"Oct 10, 2017","1,265.53","1,254.77","1,267.99","1,249.99","567.69M","2.08%"
"Oct 09, 2017","1,239.79","1,227.39","1,239.79","1,213.57","775.81M","-2.76%"
"Oct 06, 2017","1,274.96","1,274.81","1,275.93","1,266.62","461.55M","-0.17%"
"Oct 05, 2017","1,277.14","1,282.73","1,286.58","1,275.66","488.07M","-0.20%"
"Oct 04, 2017","1,279.71","1,276.43","1,284.75","1,274.16","594.25M","0.61%"
"Oct 03, 2017","1,271.93","1,272.75","1,278.85","1,265.62","573.81M","-0.05%"
"Oct 02, 2017","1,272.53","1,261.15","1,274.75","1,260.01","450.93M","0.90%"
"Sep 29, 2017","1,261.15","1,264.35","1,267.11","1,253.64","516.37M","0.09%"
"Sep 28, 2017","1,260.05","1,242.68","1,263.74","1,240.18","536.88M","1.31%"
"Sep 27, 2017","1,243.77","1,278.45","1,279.84","1,243.77","599.88M","-2.75%"
"Sep 26, 2017","1,278.94","1,265.91","1,281.67","1,259.11","526.65M","1.59%"
"Sep 25, 2017","1,258.98","1,273.04","1,273.04","1,251.84","577.25M","-1.53%"
"Sep 22, 2017","1,278.60","1,282.09","1,285.32","1,269.32","470.29M","0.20%"
"Sep 21, 2017","1,276.06","1,288.08","1,293.57","1,273.98","426.63M","-1.24%"
"Sep 20, 2017","1,292.11","1,290.80","1,295.26","1,281.85","518.54M","0.45%"
"Sep 19, 2017","1,286.36","1,305.42","1,308.42","1,282.96","633.99M","-1.50%"
"Sep 18, 2017","1,305.96","1,322.18","1,322.93","1,305.92","528.45M","-0.96%"
"Sep 15, 2017","1,318.62","1,327.29","1,329.10","1,318.62","392.72M","-0.58%"
"Sep 14, 2017","1,326.37","1,325.34","1,333.44","1,317.77","600.13M","0.18%"
"Sep 13, 2017","1,323.97","1,336.15","1,340.73","1,323.97","592.58M","-0.94%"
"Sep 12, 2017","1,336.56","1,341.72","1,343.74","1,330.44","655.25M","-0.30%"
"Sep 11, 2017","1,340.58","1,335.93","1,345.99","1,334.45","585.00M","0.89%"
"Sep 08, 2017","1,328.69","1,346.76","1,348.50","1,324.24","588.73M","-1.30%"
"Sep 07, 2017","1,346.13","1,346.89","1,352.48","1,338.64","690.50M","-0.09%"
"Sep 06, 2017","1,347.32","1,338.91","1,351.01","1,334.78","655.95M","0.71%"
"Sep 05, 2017","1,337.83","1,358.26","1,359.66","1,336.32","486.69M","-1.21%"
"Aug 31, 2017","1,354.27","1,360.77","1,361.30","1,353.03","205.80M","-0.43%"
"Aug 29, 2017","1,360.10","1,356.82","1,360.10","1,346.93","582.46M","0.10%"
"Aug 28, 2017","1,358.76","1,356.19","1,360.53","1,352.41","333.25M","0.59%"
"Aug 25, 2017","1,350.80","1,344.01","1,357.34","1,341.68","304.44M","0.57%"
"Aug 24, 2017","1,343.18","1,342.56","1,355.57","1,341.35","460.23M","0.24%"
"Aug 23, 2017","1,339.91","1,336.13","1,343.30","1,334.87","396.49M","0.36%"
"Aug 22, 2017","1,335.14","1,340.98","1,344.57","1,332.46","398.94M","-0.10%"
"Aug 21, 2017","1,336.47","1,317.73","1,340.25","1,312.23","435.07M","1.37%"
"Aug 18, 2017","1,318.37","1,308.40","1,319.24","1,302.64","379.20M","0.30%"
"Aug 17, 2017","1,314.43","1,321.61","1,324.97","1,309.14","526.89M","-0.05%"
"Aug 16, 2017","1,315.10","1,318.47","1,326.95","1,291.61","692.68M","-0.00%"
"Aug 15, 2017","1,315.16","1,350.38","1,352.90","1,315.16","661.03M","-2.17%"
"Aug 14, 2017","1,344.39","1,323.66","1,345.31","1,323.66","583.53M","2.47%"
"Aug 11, 2017","1,312.04","1,317.69","1,319.69","1,301.34","545.20M","-0.85%"
"Aug 10, 2017","1,323.34","1,337.63","1,344.33","1,323.34","398.41M","-0.89%"
"Aug 09, 2017","1,335.23","1,342.83","1,343.07","1,332.79","435.04M","-0.93%"
"Aug 08, 2017","1,347.82","1,351.97","1,356.52","1,344.93","387.95M","-0.12%"
"Aug 07, 2017","1,349.40","1,342.37","1,352.14","1,342.34","403.24M","1.04%"
"Aug 04, 2017","1,335.55","1,318.68","1,337.04","1,318.18","466.72M","1.43%"
"Aug 03, 2017","1,316.72","1,314.04","1,318.62","1,311.87","376.33M","0.73%"
"Aug 02, 2017","1,307.24","1,305.93","1,311.43","1,300.97","428.34M","0.27%"
"Aug 01, 2017","1,303.75","1,324.88","1,326.40","1,302.76","480.80M","-1.28%"
"Jul 31, 2017","1,320.65","1,325.21","1,328.43","1,318.25","356.53M","-0.16%"
"Jul 28, 2017","1,322.80","1,329.64","1,329.64","1,321.51","355.35M","-0.65%"
"Jul 27, 2017","1,331.44","1,324.72","1,334.07","1,324.53","397.50M","1.09%"
"Jul 26, 2017","1,317.02","1,318.60","1,322.40","1,313.73","381.09M","0.02%"
"Jul 25, 2017","1,316.76","1,318.65","1,323.53","1,316.62","437.28M","0.21%"
"Jul 24, 2017","1,314.04","1,320.93","1,324.84","1,312.31","454.71M","-0.18%"
"Jul 21, 2017","1,316.39","1,312.38","1,321.25","1,306.73","493.22M","-0.00%"
"Jul 20, 2017","1,316.40","1,327.63","1,329.32","1,314.91","514.83M","-0.67%"
"Jul 19, 2017","1,325.34","1,307.65","1,327.47","1,307.65","479.47M","1.77%"
"Jul 18, 2017","1,302.23","1,308.97","1,309.31","1,300.32","351.85M","-0.52%"
"Jul 17, 2017","1,309.10","1,298.13","1,311.63","1,295.26","443.99M","1.03%"
"Jul 14, 2017","1,295.81","1,284.74","1,296.23","1,283.44","354.38M","1.07%"
"Jul 13, 2017","1,282.10","1,279.84","1,291.76","1,276.86","500.00M","0.28%"
"Jul 12, 2017","1,278.53","1,269.30","1,284.58","1,268.71","536.77M","0.67%"
"Jul 11, 2017","1,270.02","1,242.49","1,274.96","1,240.41","638.13M","2.21%"
"Jul 10, 2017","1,242.50","1,235.62","1,243.84","1,235.62","320.37M","1.08%"
"Jul 07, 2017","1,229.24","1,236.91","1,239.62","1,229.24","340.06M","-0.56%"
"Jul 06, 2017","1,236.15","1,238.41","1,244.84","1,232.28","589.68M","-0.07%"
"Jul 05, 2017","1,237.04","1,243.36","1,244.93","1,237.04","374.02M","-0.45%"
"Jul 04, 2017","1,242.57","1,233.34","1,242.57","1,232.07","477.87M","0.74%"
"Jul 03, 2017","1,233.43","1,235.08","1,239.26","1,232.12","306.51M","0.03%"
"Jun 30, 2017","1,233.08","1,228.25","1,237.58","1,225.32","352.90M","0.19%"
"Jun 29, 2017","1,230.75","1,239.14","1,240.45","1,228.21","416.87M","-0.40%"
"Jun 28, 2017","1,235.65","1,220.02","1,235.65","1,219.37","474.98M","1.04%"
"Jun 23, 2017","1,222.93","1,228.82","1,229.92","1,222.20","279.19M","-0.37%"
"Jun 22, 2017","1,227.48","1,225.23","1,227.89","1,219.76","277.17M","0.61%"
"Jun 21, 2017","1,219.98","1,216.01","1,222.82","1,210.35","273.73M","0.19%"
"Jun 20, 2017","1,217.64","1,224.08","1,226.67","1,214.60","312.60M","-0.18%"
"Jun 19, 2017","1,219.84","1,212.00","1,219.84","1,212.00","318.99M","1.20%"
"Jun 16, 2017","1,205.32","1,211.71","1,215.21","1,202.13","309.04M","-0.54%"
"Jun 15, 2017","1,211.85","1,216.54","1,217.80","1,207.86","375.51M","-0.92%"
"Jun 14, 2017","1,223.10","1,221.78","1,226.42","1,216.23","406.01M","0.28%"
"Jun 13, 2017","1,219.69","1,226.56","1,229.64","1,214.49","544.16M","-0.23%"
"Jun 12, 2017","1,222.53","1,214.45","1,225.86","1,214.17","439.25M","0.59%"
"Jun 09, 2017","1,215.31","1,208.57","1,220.19","1,208.57","449.47M","1.00%"
"Jun 08, 2017","1,203.23","1,203.75","1,204.71","1,198.37","420.95M","0.30%"
"Jun 07, 2017","1,199.66","1,209.23","1,213.99","1,197.50","666.99M","-0.68%"
"Jun 06, 2017","1,207.90","1,205.99","1,210.68","1,200.05","515.02M","0.15%"
"Jun 05, 2017","1,206.13","1,218.44","1,220.22","1,201.75","604.62M","-0.73%"
"Jun 02, 2017","1,214.96","1,204.92","1,214.96","1,203.50","424.81M","1.62%"
"Jun 01, 2017","1,195.60","1,201.55","1,201.95","1,189.30","485.68M","-0.16%"
"May 31, 2017","1,197.46","1,201.58","1,210.07","1,195.62","578.13M","0.16%"
"May 30, 2017","1,195.50","1,201.83","1,203.72","1,192.87","442.41M","-0.43%"
"May 29, 2017","1,200.62","1,200.72","1,206.44","1,197.87","266.02M","0.20%"
"May 26, 2017","1,198.27","1,201.03","1,204.08","1,193.51","439.15M","-0.23%"
"May 25, 2017","1,201.03","1,207.74","1,208.16","1,197.07","659.45M","-0.73%"
"May 24, 2017","1,209.89","1,201.62","1,216.25","1,201.58","802.72M","0.68%"
"May 23, 2017","1,201.72","1,183.68","1,202.47","1,182.30","591.61M","1.29%"
"May 22, 2017","1,186.38","1,180.00","1,187.22","1,179.94","517.16M","1.33%"
"May 18, 2017","1,170.76","1,174.06","1,176.24","1,160.59","571.47M","-0.57%"
"May 17, 2017","1,177.51","1,179.76","1,189.46","1,173.06","794.92M","-0.53%"
"May 16, 2017","1,183.75","1,181.00","1,186.00","1,177.02","686.19M","0.69%"
"May 15, 2017","1,175.61","1,175.80","1,179.04","1,170.53","405.25M","0.61%"
"May 12, 2017","1,168.49","1,172.68","1,178.51","1,164.26","517.52M","-0.16%"
"May 11, 2017","1,170.35","1,188.76","1,188.85","1,168.85","647.81M","-1.24%"
"May 10, 2017","1,185.02","1,170.78","1,185.07","1,168.91","685.53M","0.96%"
"May 09, 2017","1,173.70","1,153.57","1,173.92","1,151.45","622.03M","1.77%"
"May 08, 2017","1,153.25","1,160.78","1,163.41","1,151.55","569.68M","-0.15%"
"May 05, 2017","1,155.02","1,143.93","1,157.80","1,143.93","523.91M","1.03%"
"May 04, 2017","1,143.19","1,151.36","1,156.71","1,142.55","531.74M","-0.93%"
"May 03, 2017","1,153.91","1,160.80","1,164.50","1,151.10","422.43M","-0.57%"
"May 02, 2017","1,160.55","1,170.50","1,174.42","1,159.85","461.28M","-0.52%"
"Apr 28, 2017","1,166.65","1,162.51","1,170.43","1,156.22","536.88M","0.50%"
"Apr 27, 2017","1,160.90","1,166.11","1,172.90","1,159.66","545.01M","-0.26%"
"Apr 26, 2017","1,163.93","1,165.98","1,171.09","1,160.87","684.61M","-0.12%"
"Apr 25, 2017","1,165.35","1,159.36","1,165.35","1,146.25","596.15M","0.98%"
"Apr 24, 2017","1,154.01","1,142.50","1,154.01","1,140.35","583.30M","1.55%"
"Apr 21, 2017","1,136.38","1,138.47","1,142.39","1,134.65","525.76M","0.55%"
"Apr 20, 2017","1,130.19","1,119.46","1,131.32","1,118.74","554.03M","1.34%"
"Apr 19, 2017","1,115.20","1,125.28","1,129.10","1,110.46","656.17M","-0.68%"
"Apr 18, 2017","1,122.82","1,110.65","1,131.38","1,109.26","593.18M","0.87%"
"Apr 17, 2017","1,113.16","1,115.09","1,118.36","1,106.01","479.09M","0.50%"
"Apr 14, 2017","1,107.57","1,101.66","1,114.32","1,097.20","295.73M","0.32%"
"Apr 13, 2017","1,104.09","1,120.86","1,121.83","1,102.54","416.41M","-1.22%"
"Apr 12, 2017","1,117.70","1,121.59","1,125.41","1,117.65","384.71M","0.05%"
"Apr 11, 2017","1,117.11","1,121.82","1,128.96","1,115.59","560.55M","-0.39%"
"Apr 10, 2017","1,121.44","1,087.29","1,122.80","1,086.63","685.84M","3.44%"
"Apr 07, 2017","1,084.11","1,081.10","1,087.61","1,081.02","344.44M","-0.11%"
"Apr 06, 2017","1,085.26","1,083.95","1,088.04","1,083.19","333.73M","-0.45%"
"Apr 05, 2017","1,090.13","1,079.14","1,090.13","1,078.19","426.36M","0.54%"
"Apr 04, 2017","1,084.24","1,077.53","1,086.75","1,076.37","326.50M","-0.19%"
"Apr 03, 2017","1,086.29","1,091.30","1,091.33","1,084.93","269.07M","-0.35%"
"Mar 31, 2017","1,090.14","1,094.48","1,098.61","1,089.18","340.83M","-0.45%"
"Mar 30, 2017","1,095.09","1,096.71","1,099.73","1,092.48","303.89M","0.00%"
"Mar 29, 2017","1,095.09","1,094.58","1,097.98","1,088.99","511.27M","-1.07%"
"Mar 28, 2017","1,106.88","1,105.87","1,108.75","1,102.16","397.85M","0.61%"
"Mar 27, 2017","1,100.19","1,107.49","1,108.53","1,097.18","446.42M","-0.80%"
"Mar 24, 2017","1,109.07","1,101.49","1,109.07","1,098.91","367.98M","0.79%"
"Mar 23, 2017","1,100.34","1,105.43","1,106.22","1,098.38","380.22M","-0.11%"
"Mar 22, 2017","1,101.53","1,103.34","1,106.19","1,094.29","433.67M","-0.95%"
"Mar 21, 2017","1,112.04","1,120.24","1,124.38","1,109.81","449.77M","-0.41%"
"Mar 20, 2017","1,116.67","1,108.00","1,116.67","1,106.56","259.29M","0.48%"
"Mar 17, 2017","1,111.33","1,111.86","1,116.35","1,107.01","399.47M","0.26%"
"Mar 16, 2017","1,108.40","1,109.49","1,115.66","1,106.38","439.49M","0.99%"
"Mar 15, 2017","1,097.50","1,095.63","1,104.48","1,095.63","428.91M","0.42%"
"Mar 14, 2017","1,092.94","1,098.87","1,099.49","1,092.58","364.66M","-0.38%"
"Mar 13, 2017","1,097.08","1,098.61","1,100.02","1,089.72","294.87M","-0.23%"
"Mar 10, 2017","1,099.61","1,095.86","1,103.76","1,095.69","327.75M","0.74%"
"Mar 09, 2017","1,091.55","1,095.04","1,098.31","1,087.43","403.40M","-0.63%"
"Mar 08, 2017","1,098.51","1,116.92","1,117.68","1,093.54","576.77M","-1.57%"
"Mar 07, 2017","1,116.08","1,124.31","1,124.66","1,113.67","409.07M","-0.35%"
"Mar 06, 2017","1,120.05","1,106.52","1,124.98","1,106.52","462.05M","1.62%"
"Mar 03, 2017","1,102.17","1,104.23","1,104.38","1,097.15","469.27M","-0.27%"
"Mar 02, 2017","1,105.13","1,098.75","1,106.30","1,098.41","469.39M","0.69%"
"Mar 01, 2017","1,097.52","1,077.02","1,097.66","1,075.89","607.11M","2.18%"
"Feb 28, 2017","1,074.07","1,076.58","1,080.11","1,070.90","613.20M","-0.30%"
"Feb 27, 2017","1,077.30","1,085.56","1,087.06","1,076.50","330.25M","-0.60%"
"Feb 24, 2017","1,083.78","1,095.72","1,096.13","1,078.70","449.24M","-1.03%"
"Feb 23, 2017","1,095.10","1,091.08","1,096.98","1,089.56","434.13M","0.71%"
"Feb 22, 2017","1,087.33","1,090.15","1,093.75","1,072.24","440.05M","-0.47%"
"Feb 21, 2017","1,092.43","1,089.30","1,096.71","1,089.30","353.22M","0.42%"
"Feb 20, 2017","1,087.84","1,099.64","1,101.07","1,085.90","458.18M","-0.30%"
"Feb 17, 2017","1,091.12","1,081.24","1,093.18","1,080.31","383.08M","0.83%"
"Feb 16, 2017","1,082.12","1,082.93","1,085.54","1,079.09","389.26M","0.40%"
"Feb 15, 2017","1,077.81","1,083.29","1,086.95","1,075.40","544.42M","-0.25%"
"Feb 14, 2017","1,080.49","1,089.15","1,089.43","1,072.09","651.71M","-0.51%"
"Feb 13, 2017","1,086.02","1,074.17","1,089.36","1,071.55","426.84M","1.38%"
"Feb 10, 2017","1,071.24","1,093.53","1,096.99","1,069.00","618.85M","-1.72%"
"Feb 09, 2017","1,090.02","1,083.62","1,092.38","1,076.65","614.47M","0.72%"
"Feb 08, 2017","1,082.24","1,073.82","1,084.50","1,069.89","537.62M","0.92%"
"Feb 07, 2017","1,072.42","1,067.79","1,080.44","1,064.36","576.66M","0.13%"
"Feb 06, 2017","1,071.01","1,095.18","1,100.94","1,070.89","696.22M","-1.32%"
"Feb 03, 2017","1,085.31","1,071.00","1,085.31","1,066.81","564.76M","1.24%"
"Feb 02, 2017","1,072.07","1,069.43","1,075.55","1,064.38","658.50M","0.62%"
"Feb 01, 2017","1,065.45","1,059.62","1,066.27","1,054.09","536.14M","0.66%"
"Jan 31, 2017","1,058.50","1,057.87","1,063.45","1,052.88","699.14M","0.10%"
"Jan 30, 2017","1,057.45","1,023.73","1,058.38","1,023.35","815.31M","3.10%"
"Jan 27, 2017","1,025.63","1,020.70","1,029.52","1,019.06","404.40M","0.14%"
"Jan 26, 2017","1,024.24","1,018.73","1,026.63","1,011.92","542.14M","0.92%"
"Jan 25, 2017","1,014.86","1,027.47","1,029.42","1,010.75","532.18M","-1.37%"
"Jan 24, 2017","1,028.94","1,015.10","1,029.90","1,010.97","729.72M","1.55%"
"Jan 23, 2017","1,013.25","1,017.52","1,019.42","1,011.13","403.94M","-0.02%"
"Jan 20, 2017","1,013.43","1,004.29","1,015.81","999.77","432.13M","0.96%"
"Jan 19, 2017","1,003.79","1,011.35","1,016.20","1,000.66","591.12M","-0.52%"
"Jan 18, 2017","1,009.00","1,005.42","1,010.08","999.84","705.93M","0.52%"
"Jan 17, 2017","1,003.75","1,001.23","1,006.61","995.31","725.11M","0.76%"
"Jan 16, 2017","996.14","997.16","1,002.64","992.17","542.92M","0.01%"
"Jan 13, 2017","996.07","985.83","997.55","980.37","864.72M","0.86%"
"Jan 12, 2017","987.62","948.71","990.65","947.11","1.14B","4.56%"
"Jan 11, 2017","944.57","937.29","946.32","931.19","564.66M","0.34%"
"Jan 10, 2017","941.34","939.68","946.03","938.04","542.61M","-0.12%"
"Jan 09, 2017","942.47","934.50","945.37","932.50","356.17M","0.38%"
"Jan 06, 2017","938.92","928.54","939.64","926.90","359.51M","0.90%"
"Jan 05, 2017","930.53","929.43","935.01","920.77","633.35M","0.44%"
"Jan 04, 2017","926.45","935.75","938.32","922.78","471.80M","-0.75%"
"Jan 03, 2017","933.42","950.11","951.19","933.35","503.60M","-1.62%"
"Jan 02, 2017","948.76","951.96","952.63","947.34","166.20M","-0.65%"
"Dec 30, 2016","954.99","953.21","957.10","950.58","189.53M","0.33%"
"Dec 29, 2016","951.84","948.37","953.93","947.72","204.54M","0.27%"
"Dec 28, 2016","949.30","938.54","949.61","936.07","245.10M","1.10%"
"Dec 27, 2016","939.01","944.00","945.36","937.38","148.53M","-0.34%"
"Dec 26, 2016","942.21","943.34","945.34","942.21","54.74M","0.01%"
"Dec 23, 2016","942.10","947.72","949.52","941.03","198.58M","-0.56%"
"Dec 22, 2016","947.42","950.41","952.22","945.49","270.73M","-0.18%"
"Dec 21, 2016","949.13","954.40","956.54","948.49","315.84M","-0.32%"
"Dec 20, 2016","952.22","942.61","953.02","940.58","356.82M","0.84%"
"Dec 19, 2016","944.31","952.60","954.38","944.31","361.54M","-0.67%"
"Dec 16, 2016","950.69","953.78","954.87","948.42","397.28M","-0.16%"
"Dec 15, 2016","952.21","935.39","952.21","934.40","600.57M","1.02%"
"Dec 14, 2016","942.60","941.94","944.80","936.47","324.06M","-0.08%"
"Dec 13, 2016","943.33","937.14","943.62","933.90","454.93M","1.07%"
"Dec 12, 2016","933.38","921.96","933.38","916.12","346.68M","0.70%"
"Dec 09, 2016","926.91","931.90","932.85","925.01","309.83M","-0.29%"
"Dec 08, 2016","929.62","933.38","936.05","919.19","503.42M","-0.09%"
"Dec 07, 2016","930.45","922.93","931.93","919.86","534.54M","0.82%"
"Dec 06, 2016","922.86","904.72","923.24","904.72","514.65M","2.56%"
"Dec 05, 2016","899.80","893.64","907.84","892.99","482.80M","0.19%"
"Dec 02, 2016","898.08","888.39","900.27","877.55","507.28M","1.26%"
"Dec 01, 2016","886.91","905.45","905.77","884.98","425.27M","-1.92%"
"Nov 30, 2016","904.30","911.10","911.78","900.06","454.67M","-0.33%"
"Nov 29, 2016","907.27","915.28","919.01","907.06","405.50M","-1.13%"
"Nov 28, 2016","917.65","917.32","921.55","916.08","356.79M","0.91%"
"Nov 25, 2016","909.35","904.83","912.06","901.06","400.59M","0.31%"
"Nov 24, 2016","906.57","915.69","928.31","905.46","604.86M","-1.12%"
"Nov 23, 2016","916.81","929.31","930.55","916.07","377.21M","-0.98%"
"Nov 22, 2016","925.93","922.53","931.65","920.94","365.57M","0.30%"
"Nov 21, 2016","923.20","927.18","927.88","918.02","379.30M","-0.12%"
"Nov 18, 2016","924.29","913.84","926.36","909.10","452.44M","0.80%"
"Nov 17, 2016","916.96","915.67","924.16","913.35","386.29M","0.48%"
"Nov 16, 2016","912.61","920.61","921.53","908.19","427.10M","-0.61%"
"Nov 15, 2016","918.25","912.06","919.64","911.10","429.06M","1.11%"
"Nov 14, 2016","908.14","919.95","920.98","906.15","420.87M","-0.96%"
"Nov 11, 2016","916.98","930.02","932.62","916.98","463.62M","-1.61%"
"Nov 10, 2016","932.01","938.58","941.81","932.01","486.02M","0.22%"
"Nov 09, 2016","929.93","910.63","930.92","909.95","519.93M","-0.39%"
"Nov 08, 2016","933.60","923.40","933.94","917.59","453.46M","1.03%"
"Nov 07, 2016","924.11","918.53","927.45","918.53","436.41M","1.88%"
"Nov 04, 2016","907.06","926.16","929.03","906.86","587.18M","-3.24%"
"Nov 03, 2016","937.43","945.23","948.17","936.80","355.03M","-0.63%"
"Nov 02, 2016","943.39","945.46","948.97","943.22","325.50M","-0.37%"
"Nov 01, 2016","946.93","963.34","965.45","946.05","402.42M","-1.38%"
"Oct 31, 2016","960.18","959.81","963.73","955.41","243.89M","0.33%"
"Oct 28, 2016","957.01","958.99","961.36","953.33","178.61M","-0.43%"
"Oct 27, 2016","961.10","969.99","971.69","960.16","313.47M","-0.99%"
"Oct 26, 2016","970.74","971.39","973.64","965.38","365.46M","-0.00%"
"Oct 25, 2016","970.75","976.85","982.23","969.69","386.08M","-0.69%"
"Oct 24, 2016","977.49","968.51","979.20","967.86","346.52M","1.43%"
"Oct 21, 2016","963.74","969.80","969.99","961.95","291.91M","-0.56%"
"Oct 20, 2016","969.21","969.86","972.81","966.16","450.52M","0.09%"
"Oct 19, 2016","968.38","961.28","969.28","959.34","444.32M","1.16%"
"Oct 18, 2016","957.23","949.51","958.36","949.51","494.49M","1.29%"
"Oct 17, 2016","945.02","945.05","948.03","938.88","347.36M","-0.17%"
"Oct 14, 2016","946.66","941.41","948.55","936.97","364.88M","0.92%"
"Oct 13, 2016","938.00","945.54","947.59","935.31","469.88M","-0.87%"
"Oct 12, 2016","946.22","951.24","953.72","941.89","397.55M","-0.22%"
"Oct 11, 2016","948.29","949.98","951.50","943.25","359.96M","-0.33%"
"Oct 10, 2016","951.47","957.22","959.61","949.11","361.82M","-0.19%"
"Oct 07, 2016","953.32","954.87","959.92","949.01","355.40M","0.08%"
"Oct 06, 2016","952.59","956.76","961.73","951.86","416.22M","0.03%"
"Oct 05, 2016","952.26","937.03","954.03","934.05","472.40M","1.10%"
"Oct 04, 2016","941.94","945.73","948.16","939.80","365.39M","-0.30%"
"Oct 03, 2016","944.78","941.76","948.04","941.76","281.52M","0.89%"
"Sep 30, 2016","936.43","938.70","939.79","932.17","311.94M","-0.79%"
"Sep 29, 2016","943.84","953.44","954.07","939.96","409.59M","-0.87%"
"Sep 28, 2016","952.10","947.08","954.08","946.28","387.65M","0.65%"
"Sep 27, 2016","945.97","943.49","949.59","939.11","429.61M","0.58%"
"Sep 26, 2016","940.48","934.05","944.31","933.05","555.60M","-3.92%"
"Sep 23, 2016","978.81","979.93","983.96","976.30","402.76M","-0.14%"
"Sep 22, 2016","980.15","967.53","981.47","966.43","562.94M","2.61%"
"Sep 21, 2016","955.25","949.77","958.42","945.29","364.58M","0.77%"
"Sep 20, 2016","947.99","952.17","953.37","944.21","300.80M","-0.52%"
"Sep 19, 2016","952.99","939.06","954.11","938.98","310.02M","2.17%"
"Sep 16, 2016","932.73","947.33","948.59","932.48","342.04M","-1.43%"
"Sep 09, 2016","946.27","954.18","955.38","945.71","390.99M","-1.10%"
"Sep 08, 2016","956.75","956.85","961.36","951.44","358.00M","0.29%"
"Sep 07, 2016","954.01","961.15","962.02","951.48","280.68M","-0.44%"
"Sep 06, 2016","958.26","957.89","960.81","954.08","313.96M","0.30%"
"Sep 05, 2016","955.40","949.28","955.82","948.17","328.19M","1.21%"
"Sep 02, 2016","943.95","932.89","945.02","931.96","340.43M","1.44%"
"Sep 01, 2016","930.58","934.72","937.07","929.11","286.96M","-0.12%"
"Aug 31, 2016","931.70","932.55","938.69","930.33","338.31M","-0.13%"
"Aug 29, 2016","932.87","941.64","944.13","931.97","225.50M","-1.46%"
"Aug 26, 2016","946.68","941.05","949.02","934.52","319.54M","0.50%"
"Aug 25, 2016","941.98","939.00","944.69","937.60","379.76M","0.77%"
"Aug 24, 2016","934.82","937.14","937.16","922.51","460.12M","-1.63%"
"Aug 23, 2016","950.32","961.14","962.34","950.32","411.63M","-0.78%"
"Aug 22, 2016","957.81","955.80","960.22","951.91","300.49M","-0.37%"
"Aug 19, 2016","961.37","958.58","962.15","949.63","287.94M","0.28%"
"Aug 18, 2016","958.64","967.64","969.89","954.51","319.06M","-0.18%"
"Aug 17, 2016","960.37","955.27","966.33","952.62","359.78M","0.59%"
"Aug 16, 2016","954.77","966.97","968.81","953.74","406.86M","-0.81%"
"Aug 15, 2016","962.58","966.60","970.41","959.65","302.48M","0.22%"
"Aug 12, 2016","960.46","974.40","975.34","957.49","421.12M","-1.08%"
"Aug 11, 2016","970.94","959.04","971.29","954.91","438.85M","1.38%"
"Aug 10, 2016","957.68","966.37","967.49","952.14","518.95M","-0.70%"
"Aug 09, 2016","964.47","956.87","968.93","954.25","767.87M","0.92%"
"Aug 08, 2016","955.65","951.16","957.87","945.24","492.20M","2.36%"
"Aug 05, 2016","933.60","936.44","941.91","920.79","408.55M","-0.02%"
"Aug 04, 2016","933.78","915.69","933.93","908.75","531.67M","2.27%"
"Aug 03, 2016","913.06","926.72","928.56","908.21","391.30M","-1.65%"
"Aug 02, 2016","928.36","939.57","942.20","928.36","421.96M","-1.24%"
"Aug 01, 2016","940.02","934.72","942.09","934.02","374.50M","1.66%"
"Jul 29, 2016","924.66","922.79","927.68","912.12","390.95M","0.27%"
"Jul 28, 2016","922.16","926.45","931.79","917.61","425.84M","0.10%"
"Jul 27, 2016","921.20","908.06","921.29","905.29","420.83M","1.83%"
"Jul 26, 2016","904.62","918.30","918.96","898.63","455.80M","-0.69%"
"Jul 25, 2016","910.89","891.27","913.92","890.15","505.93M","3.18%"
"Jul 22, 2016","882.80","897.52","897.52","867.07","653.09M","-0.00%"
"Jul 21, 2016","882.84","917.09","917.09","882.33","773.18M","-4.56%"
"Jul 20, 2016","925.03","944.65","949.21","921.33","690.83M","-1.64%"
"Jul 19, 2016","940.50","942.28","967.27","937.95","857.43M","-1.22%"
"Jul 18, 2016","952.11","996.56","1,000.88","933.23","992.05M","-6.71%"
"Jul 15, 2016","1,020.55","1,015.93","1,020.55","1,013.51","366.89M","0.18%"
"Jul 14, 2016","1,018.68","1,007.94","1,020.21","1,005.18","490.86M","1.67%"
"Jul 13, 2016","1,001.95","1,001.73","1,006.65","997.11","539.57M","0.11%"
"Jul 12, 2016","1,000.88","976.71","1,000.88","974.99","660.23M","2.65%"
"Jul 11, 2016","975.03","967.13","976.03","967.13","397.58M","1.65%"
"Jul 08, 2016","959.22","961.57","963.79","954.78","298.47M","-0.53%"
"Jul 04, 2016","964.36","961.65","964.36","959.71","88.90M","0.48%"
"Jul 01, 2016","959.73","950.33","960.33","950.33","302.67M","1.52%"
"Jun 30, 2016","945.35","947.81","953.38","941.26","387.21M","0.02%"
"Jun 29, 2016","945.15","947.32","954.32","941.71","534.58M","-0.46%"
"Jun 28, 2016","949.50","935.70","951.64","935.70","444.23M","2.45%"
"Jun 27, 2016","926.81","931.21","936.70","922.48","503.72M","-0.38%"
"Jun 24, 2016","930.34","915.93","932.78","914.71","485.83M","-3.45%"
"Jun 23, 2016","963.62","957.05","968.14","952.81","434.22M","1.05%"
"Jun 22, 2016","953.64","958.04","962.25","951.16","293.56M","-0.26%"
"Jun 21, 2016","956.09","956.17","962.71","953.00","399.15M","0.02%"
"Jun 20, 2016","955.93","941.96","956.16","941.29","342.91M","2.97%"
"Jun 17, 2016","928.35","926.01","932.68","920.66","329.69M","1.18%"
"Jun 16, 2016","917.49","932.06","935.29","917.49","269.71M","-2.09%"
"Jun 15, 2016","937.06","938.01","941.88","934.26","332.64M","0.66%"
"Jun 14, 2016","930.96","940.13","942.77","926.71","461.83M","-1.15%"
"Jun 13, 2016","941.76","938.88","942.12","926.56","396.17M","-0.29%"
"Jun 10, 2016","944.48","953.88","956.36","942.46","351.42M","-1.01%"
"Jun 09, 2016","954.09","968.89","970.42","953.37","385.10M","-1.53%"
"Jun 08, 2016","968.92","962.32","972.09","953.75","434.34M","0.95%"
"Jun 07, 2016","959.79","970.70","976.88","958.01","471.29M","-0.60%"
"Jun 06, 2016","965.55","964.89","970.89","962.26","327.96M","0.57%"
"Jun 03, 2016","960.11","939.51","965.06","938.26","436.71M","2.58%"
"Jun 02, 2016","935.97","948.97","951.45","935.05","318.58M","-1.07%"
"Jun 01, 2016","946.10","956.10","957.91","945.65","379.52M","-0.93%"
"May 31, 2016","955.01","969.63","971.63","955.01","475.11M","-0.92%"
"May 30, 2016","963.91","955.27","968.29","955.27","236.75M","0.77%"
"May 27, 2016","956.57","957.38","962.69","953.20","316.74M","0.02%"
"May 26, 2016","956.37","959.98","963.84","950.61","490.93M","-0.81%"
"May 25, 2016","964.16","975.16","981.20","963.87","484.98M","-1.13%"
"May 24, 2016","975.22","936.14","976.07","935.33","741.88M","3.79%"
"May 23, 2016","939.57","935.66","942.39","931.26","351.77M","0.64%"
"May 20, 2016","933.55","945.09","948.65","932.80","505.29M","-1.29%"
"May 18, 2016","945.77","943.14","950.27","935.89","522.39M","-0.07%"
"May 17, 2016","946.42","948.57","952.83","935.91","469.30M","0.41%"
"May 16, 2016","942.58","954.10","957.60","938.03","334.64M","-1.02%"
"May 13, 2016","952.34","953.64","962.41","948.70","457.34M","-0.65%"
"May 12, 2016","958.53","968.79","975.27","957.91","493.99M","-1.02%"
"May 11, 2016","968.36","967.04","970.55","955.27","475.58M","0.27%"
"May 10, 2016","965.76","968.42","973.96","960.16","484.42M","-0.20%"
"May 09, 2016","967.71","967.58","977.10","965.41","454.97M","0.84%"
"May 06, 2016","959.67","965.03","965.78","944.88","728.60M","-0.52%"
"May 05, 2016","964.72","954.70","980.68","951.50","808.61M","-0.98%"
"May 04, 2016","974.29","994.74","995.60","970.62","727.66M","-2.14%"
"May 03, 2016","995.59","1,033.79","1,035.85","993.12","652.12M","-3.30%"
"May 02, 2016","1,029.58","1,046.74","1,047.12","1,029.21","311.18M","-1.76%"
"Apr 29, 2016","1,047.99","1,050.46","1,052.29","1,041.23","355.85M","-0.15%"
"Apr 28, 2016","1,049.57","1,048.59","1,050.96","1,039.18","498.54M","0.19%"
"Apr 27, 2016","1,047.53","1,055.07","1,058.58","1,046.14","404.71M","-0.56%"
"Apr 26, 2016","1,053.47","1,047.60","1,056.23","1,043.90","537.83M","0.84%"
"Apr 25, 2016","1,044.74","1,051.71","1,054.88","1,043.11","393.15M","-0.99%"
"Apr 22, 2016","1,055.23","1,055.02","1,056.26","1,046.69","430.28M","0.21%"
"Apr 21, 2016","1,052.98","1,055.37","1,062.17","1,045.31","459.64M","0.26%"
"Apr 20, 2016","1,050.22","1,054.73","1,067.32","1,046.57","719.71M","-0.76%"
"Apr 19, 2016","1,058.27","1,062.60","1,064.03","1,052.41","504.08M","-0.08%"
"Apr 18, 2016","1,059.12","1,043.57","1,059.90","1,041.13","562.39M","0.97%"
"Apr 15, 2016","1,048.95","1,054.66","1,057.55","1,038.27","466.61M","-0.34%"
"Apr 14, 2016","1,052.56","1,051.55","1,058.29","1,045.84","619.89M","0.14%"
"Apr 13, 2016","1,051.13","1,029.66","1,052.60","1,027.33","637.59M","2.62%"
"Apr 12, 2016","1,024.26","1,026.76","1,034.23","1,017.92","551.46M","-0.48%"
"Apr 11, 2016","1,029.25","1,010.83","1,031.05","1,006.49","551.74M","1.92%"
"Apr 08, 2016","1,009.89","995.47","1,010.95","988.16","442.12M","1.81%"
"Apr 07, 2016","991.92","1,003.38","1,006.42","990.73","412.41M","-0.52%"
"Apr 06, 2016","997.07","1,016.98","1,018.05","997.07","498.26M","-2.06%"
"Apr 05, 2016","1,018.03","1,026.04","1,026.68","1,011.19","466.17M","-1.10%"
"Apr 04, 2016","1,029.35","1,015.95","1,029.35","1,012.85","460.13M","1.86%"
"Apr 01, 2016","1,010.56","1,019.88","1,020.73","1,004.45","451.66M","-1.26%"
"Mar 31, 2016","1,023.49","1,019.68","1,025.97","1,013.81","490.81M","0.35%"
"Mar 30, 2016","1,019.93","1,013.84","1,022.68","1,012.75","509.30M","1.43%"
"Mar 29, 2016","1,005.55","1,005.67","1,013.43","1,002.76","434.37M","0.39%"
"Mar 28, 2016","1,001.63","1,003.79","1,006.67","994.79","254.48M","-0.02%"
"Mar 25, 2016","1,001.84","1,003.22","1,007.72","1,001.19","193.35M","-0.10%"
"Mar 24, 2016","1,002.85","989.06","1,003.68","986.51","613.36M","1.29%"
"Mar 23, 2016","990.12","1,004.74","1,006.75","987.21","704.04M","-1.76%"
"Mar 22, 2016","1,007.85","1,020.84","1,020.84","997.38","863.58M","-2.02%"
"Mar 21, 2016","1,028.59","1,021.23","1,030.45","1,016.30","619.08M","0.50%"
"Mar 18, 2016","1,023.43","1,003.85","1,023.43","1,000.39","609.36M","2.06%"
"Mar 17, 2016","1,002.79","990.35","1,003.13","989.15","606.28M","2.79%"
"Mar 16, 2016","975.53","974.67","978.89","963.99","469.55M","0.29%"
"Mar 15, 2016","972.67","986.36","986.49","969.08","553.76M","-1.45%"
"Mar 14, 2016","987.03","976.46","987.21","976.03","479.18M","0.88%"
"Mar 11, 2016","978.44","980.09","980.70","969.68","525.67M","0.57%"
"Mar 10, 2016","972.93","969.16","981.16","965.00","717.24M","0.53%"
"Mar 09, 2016","967.81","953.02","967.81","949.52","542.36M","1.47%"
"Mar 08, 2016","953.80","947.25","959.64","945.58","583.44M","0.39%"
"Mar 07, 2016","950.14","949.79","957.64","945.87","534.92M","0.22%"
"Mar 04, 2016","948.03","944.76","948.13","934.86","543.95M","0.49%"
"Mar 03, 2016","943.37","946.18","952.35","938.54","516.68M","0.07%"
"Mar 02, 2016","942.69","942.22","946.44","937.50","500.97M","1.00%"
"Mar 01, 2016","933.39","934.14","937.25","929.64","419.03M","0.10%"
"Feb 29, 2016","932.45","918.23","934.55","914.10","502.72M","1.21%"
"Feb 26, 2016","921.30","929.22","935.12","919.92","485.32M","-0.36%"
"Feb 25, 2016","924.62","916.21","928.54","913.30","535.59M","1.61%"
"Feb 24, 2016","909.96","929.00","930.23","907.82","536.66M","-1.84%"
"Feb 23, 2016","927.06","916.97","930.99","914.43","620.20M","0.96%"
"Feb 22, 2016","918.21","904.18","918.21","902.72","455.76M","2.49%"
"Feb 19, 2016","895.89","901.94","902.07","891.63","409.11M","-0.75%"
"Feb 18, 2016","902.65","893.30","902.65","888.19","520.79M","0.94%"
"Feb 17, 2016","894.25","870.93","895.11","867.30","570.33M","2.66%"
"Feb 16, 2016","871.05","879.09","882.61","869.27","462.76M","-0.18%"
"Feb 15, 2016","872.60","873.91","879.89","851.68","619.21M","0.34%"
"Feb 12, 2016","869.61","875.99","878.17","869.19","513.15M","-0.10%"
"Feb 11, 2016","870.47","871.10","873.62","856.16","684.95M","-0.83%"
"Feb 10, 2016","877.78","878.53","885.46","866.77","559.44M","0.27%"
"Feb 09, 2016","875.40","875.49","880.03","862.02","680.89M","-0.76%"
"Feb 08, 2016","882.11","913.31","915.71","882.08","653.03M","-3.07%"
"Feb 05, 2016","910.03","913.70","917.34","907.61","465.50M","-0.45%"
"Feb 04, 2016","914.10","908.93","916.57","906.31","615.60M","1.85%"
"Feb 03, 2016","897.50","881.98","902.19","879.60","591.71M","1.24%"
"Feb 02, 2016","886.50","901.65","904.69","886.50","503.94M","-1.44%"
"Feb 01, 2016","899.46","900.05","900.31","890.60","418.25M","-0.11%"
"Jan 29, 2016","900.41","895.16","900.41","894.96","527.94M","1.65%"
"Jan 28, 2016","885.83","887.22","893.27","884.66","599.74M","0.42%"
"Jan 27, 2016","882.13","879.93","890.46","879.06","613.70M","0.25%"
"Jan 26, 2016","879.93","858.30","880.32","855.61","546.36M","1.93%"
"Jan 25, 2016","863.29","867.90","871.61","858.37","392.71M","0.26%"
"Jan 22, 2016","861.06","850.93","863.22","847.74","528.22M","2.61%"
"Jan 21, 2016","839.12","852.03","853.76","834.81","610.98M","-1.46%"
"Jan 20, 2016","851.52","864.38","866.53","851.36","540.41M","-2.17%"
"Jan 19, 2016","870.41","878.84","880.82","866.71","483.26M","-0.03%"
"Jan 18, 2016","870.67","874.76","876.60","866.73","396.42M","0.13%"
"Jan 15, 2016","869.54","880.99","884.90","863.59","583.89M","-1.27%"
"Jan 14, 2016","880.73","883.00","889.01","873.08","586.44M","-0.72%"
"Jan 13, 2016","887.10","881.96","893.45","880.58","589.30M","1.12%"
"Jan 12, 2016","877.24","867.84","882.17","860.94","634.06M","1.04%"
"Jan 11, 2016","868.25","859.34","875.69","855.17","500.37M","0.68%"
"Jan 08, 2016","862.35","874.17","882.27","859.33","565.21M","-1.35%"
"Jan 07, 2016","874.17","868.62","875.77","849.94","705.17M","0.64%"
"Jan 06, 2016","868.62","861.47","869.71","849.04","596.21M","0.83%"
"Jan 05, 2016","861.47","859.81","869.40","845.03","488.09M","0.19%"
"Jan 04, 2016","859.81","874.28","874.28","850.24","339.09M","-1.66%"